Entity,Code,Year,Renewables (% equivalent primary energy)
Algeria,DZA,1965,4.7630677
Algeria,DZA,1966,3.518747
Algeria,DZA,1967,4.291954
Algeria,DZA,1968,5.4861946
Algeria,DZA,1969,3.1827633
Algeria,DZA,1970,4.6656837
Algeria,DZA,1971,2.4559188
Algeria,DZA,1972,3.278343
Algeria,DZA,1973,4.175826
Algeria,DZA,1974,2.494738
Algeria,DZA,1975,1.3782818
Algeria,DZA,1976,1.4010222
Algeria,DZA,1977,0.8817282
Algeria,DZA,1978,0.6521151
Algeria,DZA,1979,0.5792936
Algeria,DZA,1980,0.4290016
Algeria,DZA,1981,0.50294036
Algeria,DZA,1982,0.5708701
Algeria,DZA,1983,0.25644946
Algeria,DZA,1984,0.5136736
Algeria,DZA,1985,0.72826535
Algeria,DZA,1986,0.2664045
Algeria,DZA,1987,0.5174274
Algeria,DZA,1988,0.17717436
Algeria,DZA,1989,0.2249582
Algeria,DZA,1990,0.1267387
Algeria,DZA,1991,0.277607
Algeria,DZA,1992,0.18375748
Algeria,DZA,1993,0.35028014
Algeria,DZA,1994,0.16257899
Algeria,DZA,1995,0.18224756
Algeria,DZA,1996,0.1288034
Algeria,DZA,1997,0.074455895
Algeria,DZA,1998,0.20617963
Algeria,DZA,1999,0.1927434
Algeria,DZA,2000,0.053235486
Algeria,DZA,2001,0.065218486
Algeria,DZA,2002,0.05167676
Algeria,DZA,2003,0.228104
Algeria,DZA,2004,0.2067869
Algeria,DZA,2005,0.43411884
Algeria,DZA,2006,0.16327195
Algeria,DZA,2007,0.15990457
Algeria,DZA,2008,0.1877543
Algeria,DZA,2009,0.21278548
Algeria,DZA,2010,0.11513415
Algeria,DZA,2011,0.23525994
Algeria,DZA,2012,0.22453195
Algeria,DZA,2013,0.06476319
Algeria,DZA,2014,0.11750259
Algeria,DZA,2015,0.09681336
Algeria,DZA,2016,0.14580713
Algeria,DZA,2017,0.24701828
Algeria,DZA,2018,0.28842947
Algeria,DZA,2019,0.29497427
Algeria,DZA,2020,0.30043116
Algeria,DZA,2021,0.25285673
Algeria,DZA,2022,0.24182516
Algeria,DZA,2023,0.27036947
Argentina,ARG,1965,1.1026944
Argentina,ARG,1966,1.0818663
Argentina,ARG,1967,1.0765308
Argentina,ARG,1968,1.2272897
Argentina,ARG,1969,1.0651326
Argentina,ARG,1970,1.3533598
Argentina,ARG,1971,1.2702763
Argentina,ARG,1972,1.2349532
Argentina,ARG,1973,2.2839267
Argentina,ARG,1974,3.629566
Argentina,ARG,1975,3.8664374
Argentina,ARG,1976,3.5540857
Argentina,ARG,1977,3.9090023
Argentina,ARG,1978,5.227204
Argentina,ARG,1979,6.702873
Argentina,ARG,1980,9.552048
Argentina,ARG,1981,9.542367
Argentina,ARG,1982,11.229478
Argentina,ARG,1983,11.313745
Argentina,ARG,1984,12.136334
Argentina,ARG,1985,12.759911
Argentina,ARG,1986,12.297877
Argentina,ARG,1987,12.24687
Argentina,ARG,1988,8.416951
Argentina,ARG,1989,7.543206
Argentina,ARG,1990,10.29241
Argentina,ARG,1991,9.080978
Argentina,ARG,1992,10.2065
Argentina,ARG,1993,12.215968
Argentina,ARG,1994,13.306112
Argentina,ARG,1995,12.535252
Argentina,ARG,1996,10.224623
Argentina,ARG,1997,12.513889
Argentina,ARG,1998,11.481932
Argentina,ARG,1999,9.2246065
Argentina,ARG,2000,12.283152
Argentina,ARG,2001,15.93624
Argentina,ARG,2002,16.247978
Argentina,ARG,2003,14.40661
Argentina,ARG,2004,12.185576
Argentina,ARG,2005,12.790038
Argentina,ARG,2006,13.449896
Argentina,ARG,2007,10.613073
Argentina,ARG,2008,10.447249
Argentina,ARG,2009,11.797741
Argentina,ARG,2010,11.650168
Argentina,ARG,2011,10.914268
Argentina,ARG,2012,10.176803
Argentina,ARG,2013,10.940409
Argentina,ARG,2014,11.038969
Argentina,ARG,2015,10.89336
Argentina,ARG,2016,10.17179
Argentina,ARG,2017,10.979133
Argentina,ARG,2018,11.331651
Argentina,ARG,2019,11.911147
Argentina,ARG,2020,12.310073
Argentina,ARG,2021,11.335143
Argentina,ARG,2022,12.188763
Argentina,ARG,2023,14.102216
Australia,AUS,1965,5.5626216
Australia,AUS,1966,5.0718946
Australia,AUS,1967,4.9495487
Australia,AUS,1968,4.8654675
Australia,AUS,1969,5.086988
Australia,AUS,1970,5.421451
Australia,AUS,1971,5.8227277
Australia,AUS,1972,5.599285
Australia,AUS,1973,5.588665
Australia,AUS,1974,5.95511
Australia,AUS,1975,6.2970085
Australia,AUS,1976,5.7934213
Australia,AUS,1977,5.2697754
Australia,AUS,1978,5.508697
Australia,AUS,1979,5.1658406
Australia,AUS,1980,4.862272
Australia,AUS,1981,4.930354
Australia,AUS,1982,4.6367826
Australia,AUS,1983,4.4233117
Australia,AUS,1984,4.615918
Australia,AUS,1985,4.761565
Australia,AUS,1986,4.706491
Australia,AUS,1987,4.453812
Australia,AUS,1988,4.557184
Australia,AUS,1989,4.344282
Australia,AUS,1990,4.382939
Australia,AUS,1991,4.6554546
Australia,AUS,1992,4.6503634
Australia,AUS,1993,4.6700525
Australia,AUS,1994,4.446395
Australia,AUS,1995,4.239725
Australia,AUS,1996,4.236591
Australia,AUS,1997,4.14584
Australia,AUS,1998,4.037756
Australia,AUS,1999,4.008933
Australia,AUS,2000,3.9888778
Australia,AUS,2001,3.870762
Australia,AUS,2002,3.9314501
Australia,AUS,2003,4.0149684
Australia,AUS,2004,4.03656
Australia,AUS,2005,4.313553
Australia,AUS,2006,4.233413
Australia,AUS,2007,3.9767237
Australia,AUS,2008,3.681326
Australia,AUS,2009,3.9202657
Australia,AUS,2010,4.312805
Australia,AUS,2011,5.688442
Australia,AUS,2012,5.688193
Australia,AUS,2013,6.5121694
Australia,AUS,2014,5.9665823
Australia,AUS,2015,6.2833033
Australia,AUS,2016,7.1866975
Australia,AUS,2017,6.744328
Australia,AUS,2018,8.280843
Australia,AUS,2019,8.875714
Australia,AUS,2020,10.848229
Australia,AUS,2021,12.923943
Australia,AUS,2022,13.918374
Australia,AUS,2023,14.982515
Austria,AUT,1965,25.096405
Austria,AUT,1966,25.840193
Austria,AUT,1967,26.118929
Austria,AUT,1968,25.099167
Austria,AUT,1969,22.27537
Austria,AUT,1970,24.770256
Austria,AUT,1971,19.6523
Austria,AUT,1972,19.524149
Austria,AUT,1973,20.17739
Austria,AUT,1974,23.734526
Austria,AUT,1975,25.034246
Austria,AUT,1976,20.905321
Austria,AUT,1977,25.271303
Austria,AUT,1978,24.244625
Austria,AUT,1979,25.784454
Austria,AUT,1980,26.826015
Austria,AUT,1981,29.280653
Austria,AUT,1982,30.31977
Austria,AUT,1983,30.117786
Austria,AUT,1984,26.68983
Austria,AUT,1985,29.769283
Austria,AUT,1986,30.177652
Austria,AUT,1987,32.193813
Austria,AUT,1988,32.733353
Austria,AUT,1989,32.40866
Austria,AUT,1990,29.002949
Austria,AUT,1991,27.730646
Austria,AUT,1992,31.117105
Austria,AUT,1993,32.029507
Austria,AUT,1994,31.325548
Austria,AUT,1995,31.42617
Austria,AUT,1996,28.285664
Austria,AUT,1997,29.506138
Austria,AUT,1998,29.778776
Austria,AUT,1999,31.975573
Austria,AUT,2000,32.591774
Austria,AUT,2001,30.667883
Austria,AUT,2002,30.20616
Austria,AUT,2003,25.237972
Austria,AUT,2004,27.274899
Austria,AUT,2005,27.495369
Austria,AUT,2006,28.128284
Austria,AUT,2007,30.249714
Austria,AUT,2008,30.77213
Austria,AUT,2009,33.781616
Austria,AUT,2010,31.314478
Austria,AUT,2011,30.305704
Austria,AUT,2012,35.76177
Austria,AUT,2013,35.3089
Austria,AUT,2014,36.303062
Austria,AUT,2015,34.274372
Austria,AUT,2016,35.3048
Austria,AUT,2017,34.455837
Austria,AUT,2018,34.361984
Austria,AUT,2019,35.472965
Austria,AUT,2020,38.188835
Austria,AUT,2021,35.835052
Austria,AUT,2022,36.06654
Austria,AUT,2023,40.080193
Azerbaijan,AZE,1985,1.6519357
Azerbaijan,AZE,1986,0.9406936
Azerbaijan,AZE,1987,0.9706842
Azerbaijan,AZE,1988,0.842058
Azerbaijan,AZE,1989,0.8257339
Azerbaijan,AZE,1990,1.8816601
Azerbaijan,AZE,1991,2.0779731
Azerbaijan,AZE,1992,2.4099329
Azerbaijan,AZE,1993,3.8572147
Azerbaijan,AZE,1994,3.1670034
Azerbaijan,AZE,1995,2.8640726
Azerbaijan,AZE,1996,3.449877
Azerbaijan,AZE,1997,4.0128255
Azerbaijan,AZE,1998,4.5553145
Azerbaijan,AZE,1999,3.5244212
Azerbaijan,AZE,2000,3.4349427
Azerbaijan,AZE,2001,3.004117
Azerbaijan,AZE,2002,4.6939816
Azerbaijan,AZE,2003,5.2657747
Azerbaijan,AZE,2004,5.1585817
Azerbaijan,AZE,2005,5.165004
Azerbaijan,AZE,2006,4.3662996
Azerbaijan,AZE,2007,4.4247346
Azerbaijan,AZE,2008,4.149183
Azerbaijan,AZE,2009,4.9570913
Azerbaijan,AZE,2010,7.448546
Azerbaijan,AZE,2011,5.0649414
Azerbaijan,AZE,2012,3.326695
Azerbaijan,AZE,2013,2.7732372
Azerbaijan,AZE,2014,2.4248233
Azerbaijan,AZE,2015,2.7496912
Azerbaijan,AZE,2016,3.3369164
Azerbaijan,AZE,2017,3.0411427
Azerbaijan,AZE,2018,2.985358
Azerbaijan,AZE,2019,2.599264
Azerbaijan,AZE,2020,1.8952277
Azerbaijan,AZE,2021,2.0421484
Azerbaijan,AZE,2022,2.3129582
Azerbaijan,AZE,2023,2.3216856
Bangladesh,BGD,1971,3.859758
Bangladesh,BGD,1972,3.406534
Bangladesh,BGD,1973,5.024387
Bangladesh,BGD,1974,3.4634595
Bangladesh,BGD,1975,6.043976
Bangladesh,BGD,1976,5.868124
Bangladesh,BGD,1977,5.079776
Bangladesh,BGD,1978,5.5367117
Bangladesh,BGD,1979,5.825672
Bangladesh,BGD,1980,4.96088
Bangladesh,BGD,1981,5.0166492
Bangladesh,BGD,1982,3.8052511
Bangladesh,BGD,1983,4.870658
Bangladesh,BGD,1984,6.1055837
Bangladesh,BGD,1985,4.526682
Bangladesh,BGD,1986,2.5327973
Bangladesh,BGD,1987,2.6365013
Bangladesh,BGD,1988,3.0908637
Bangladesh,BGD,1989,3.907864
Bangladesh,BGD,1990,3.5392714
Bangladesh,BGD,1991,3.4776092
Bangladesh,BGD,1992,3.0288854
Bangladesh,BGD,1993,2.104329
Bangladesh,BGD,1994,2.7616804
Bangladesh,BGD,1995,1.0269947
Bangladesh,BGD,1996,1.9475645
Bangladesh,BGD,1997,1.8034276
Bangladesh,BGD,1998,2.0371237
Bangladesh,BGD,1999,1.9397291
Bangladesh,BGD,2000,1.6270941
Bangladesh,BGD,2001,1.8750293
Bangladesh,BGD,2002,1.4013306
Bangladesh,BGD,2003,1.3186479
Bangladesh,BGD,2004,1.2339083
Bangladesh,BGD,2005,1.1331257
Bangladesh,BGD,2006,1.0455985
Bangladesh,BGD,2007,1.0152338
Bangladesh,BGD,2008,1.2211707
Bangladesh,BGD,2009,0.50959486
Bangladesh,BGD,2010,0.86148775
Bangladesh,BGD,2011,1.0177838
Bangladesh,BGD,2012,0.8733193
Bangladesh,BGD,2013,0.826586
Bangladesh,BGD,2014,0.6849754
Bangladesh,BGD,2015,0.82069933
Bangladesh,BGD,2016,0.7713848
Bangladesh,BGD,2017,0.879046
Bangladesh,BGD,2018,0.7318307
Bangladesh,BGD,2019,0.6592997
Bangladesh,BGD,2020,0.6715829
Bangladesh,BGD,2021,0.6931649
Bangladesh,BGD,2022,0.8309142
Bangladesh,BGD,2023,1.0080312
Belarus,BLR,1985,0.0144934775
Belarus,BLR,1986,0.012695331
Belarus,BLR,1987,0.012513183
Belarus,BLR,1988,0.012336068
Belarus,BLR,1989,0.012754957
Belarus,BLR,1990,0.012691677
Belarus,BLR,1991,0.011448725
Belarus,BLR,1992,0.012468852
Belarus,BLR,1993,0.0166659
Belarus,BLR,1994,0.019936152
Belarus,BLR,1995,0.023589265
Belarus,BLR,1996,0.018399423
Belarus,BLR,1997,0.023874052
Belarus,BLR,1998,0.032551832
Belarus,BLR,1999,0.022707757
Belarus,BLR,2000,0.031309377
Belarus,BLR,2001,0.035550438
Belarus,BLR,2002,0.033003505
Belarus,BLR,2003,0.031900514
Belarus,BLR,2004,0.03438375
Belarus,BLR,2005,0.03729108
Belarus,BLR,2006,0.036019433
Belarus,BLR,2007,0.049702015
Belarus,BLR,2008,0.10045313
Belarus,BLR,2009,0.19693999
Belarus,BLR,2010,0.25681725
Belarus,BLR,2011,0.24902162
Belarus,BLR,2012,0.26328462
Belarus,BLR,2013,0.31542054
Belarus,BLR,2014,0.30440024
Belarus,BLR,2015,0.35748994
Belarus,BLR,2016,0.42184716
Belarus,BLR,2017,0.76281804
Belarus,BLR,2018,0.6260032
Belarus,BLR,2019,0.76110655
Belarus,BLR,2020,0.9905478
Belarus,BLR,2021,1.1767173
Belarus,BLR,2022,1.2321929
Belarus,BLR,2023,1.0955961
Belgium,BEL,1965,0.19477375
Belgium,BEL,1966,0.2222244
Belgium,BEL,1967,0.16850355
Belgium,BEL,1968,0.15502341
Belgium,BEL,1969,0.13315213
Belgium,BEL,1970,0.13480939
Belgium,BEL,1971,0.07485565
Belgium,BEL,1972,0.094584495
Belgium,BEL,1973,0.15358603
Belgium,BEL,1974,0.19144315
Belgium,BEL,1975,0.15560855
Belgium,BEL,1976,0.09175518
Belgium,BEL,1977,0.26350048
Belgium,BEL,1978,0.2591517
Belgium,BEL,1979,0.28706482
Belgium,BEL,1980,0.31437635
Belgium,BEL,1981,0.38186046
Belgium,BEL,1982,0.2197636
Belgium,BEL,1983,0.21319488
Belgium,BEL,1984,0.21372305
Belgium,BEL,1985,0.18697686
Belgium,BEL,1986,0.24818589
Belgium,BEL,1987,0.30061248
Belgium,BEL,1988,0.28122678
Belgium,BEL,1989,0.25771406
Belgium,BEL,1990,0.27479723
Belgium,BEL,1991,0.25747827
Belgium,BEL,1992,0.29419133
Belgium,BEL,1993,0.24665135
Belgium,BEL,1994,0.2759149
Belgium,BEL,1995,0.3051201
Belgium,BEL,1996,0.24271938
Belgium,BEL,1997,0.25003314
Belgium,BEL,1998,0.31667665
Belgium,BEL,1999,0.36021912
Belgium,BEL,2000,0.433269
Belgium,BEL,2001,0.44920534
Belgium,BEL,2002,0.47973493
Belgium,BEL,2003,0.48671448
Belgium,BEL,2004,0.606298
Belgium,BEL,2005,0.8666806
Belgium,BEL,2006,1.2095445
Belgium,BEL,2007,1.4152513
Belgium,BEL,2008,1.7643934
Belgium,BEL,2009,2.5553334
Belgium,BEL,2010,3.1909645
Belgium,BEL,2011,4.0780997
Belgium,BEL,2012,5.1477056
Belgium,BEL,2013,5.4598446
Belgium,BEL,2014,6.152073
Belgium,BEL,2015,6.7979774
Belgium,BEL,2016,6.4830685
Belgium,BEL,2017,7.0611453
Belgium,BEL,2018,7.538291
Belgium,BEL,2019,8.078669
Belgium,BEL,2020,10.863382
Belgium,BEL,2021,9.544263
Belgium,BEL,2022,10.829778
Belgium,BEL,2023,12.525129
Brazil,BRA,1965,27.548725
Brazil,BRA,1966,27.618214
Brazil,BRA,1967,27.880291
Brazil,BRA,1968,25.555754
Brazil,BRA,1969,25.05622
Brazil,BRA,1970,27.117094
Brazil,BRA,1971,26.37442
Brazil,BRA,1972,27.116016
Brazil,BRA,1973,26.067352
Brazil,BRA,1974,26.414951
Brazil,BRA,1975,27.490095
Brazil,BRA,1976,28.666958
Brazil,BRA,1977,30.686188
Brazil,BRA,1978,30.963718
Brazil,BRA,1979,32.51719
Brazil,BRA,1980,35.243515
Brazil,BRA,1981,36.3235
Brazil,BRA,1982,37.79666
Brazil,BRA,1983,41.02851
Brazil,BRA,1984,42.65514
Brazil,BRA,1985,43.111156
Brazil,BRA,1986,42.787334
Brazil,BRA,1987,42.403927
Brazil,BRA,1988,43.9331
Brazil,BRA,1989,44.16665
Brazil,BRA,1990,44.53114
Brazil,BRA,1991,45.268887
Brazil,BRA,1992,45.73639
Brazil,BRA,1993,45.985283
Brazil,BRA,1994,45.4955
Brazil,BRA,1995,44.73329
Brazil,BRA,1996,44.30005
Brazil,BRA,1997,43.421165
Brazil,BRA,1998,43.59449
Brazil,BRA,1999,43.436108
Brazil,BRA,2000,42.443245
Brazil,BRA,2001,38.569214
Brazil,BRA,2002,40.180744
Brazil,BRA,2003,41.64891
Brazil,BRA,2004,41.635994
Brazil,BRA,2005,42.51229
Brazil,BRA,2006,42.397827
Brazil,BRA,2007,43.479145
Brazil,BRA,2008,42.63199
Brazil,BRA,2009,45.54154
Brazil,BRA,2010,43.85847
Brazil,BRA,2011,43.93462
Brazil,BRA,2012,41.70022
Brazil,BRA,2013,39.92749
Brazil,BRA,2014,38.842846
Brazil,BRA,2015,40.033836
Brazil,BRA,2016,42.97847
Brazil,BRA,2017,42.650604
Brazil,BRA,2018,45.428116
Brazil,BRA,2019,46.808254
Brazil,BRA,2020,48.693333
Brazil,BRA,2021,44.914055
Brazil,BRA,2022,48.832825
Brazil,BRA,2023,50.33141
Bulgaria,BGR,1965,4.931371
Bulgaria,BGR,1966,4.6229753
Bulgaria,BGR,1967,4.0036206
Bulgaria,BGR,1968,2.3115647
Bulgaria,BGR,1969,2.9225402
Bulgaria,BGR,1970,3.0394952
Bulgaria,BGR,1971,2.9434657
Bulgaria,BGR,1972,2.7616532
Bulgaria,BGR,1973,3.2605417
Bulgaria,BGR,1974,2.5623977
Bulgaria,BGR,1975,2.7339408
Bulgaria,BGR,1976,3.1084793
Bulgaria,BGR,1977,3.5239036
Bulgaria,BGR,1978,2.805369
Bulgaria,BGR,1979,3.0763478
Bulgaria,BGR,1980,3.2677274
Bulgaria,BGR,1981,3.2318056
Bulgaria,BGR,1982,2.6594317
Bulgaria,BGR,1983,2.90392
Bulgaria,BGR,1984,2.839835
Bulgaria,BGR,1985,1.9635512
Bulgaria,BGR,1986,2.0015333
Bulgaria,BGR,1987,2.1663287
Bulgaria,BGR,1988,2.1662035
Bulgaria,BGR,1989,2.2651663
Bulgaria,BGR,1990,1.4857495
Bulgaria,BGR,1991,2.5538871
Bulgaria,BGR,1992,2.2773595
Bulgaria,BGR,1993,2.0045958
Bulgaria,BGR,1994,1.5115008
Bulgaria,BGR,1995,2.3577003
Bulgaria,BGR,1996,3.1407084
Bulgaria,BGR,1997,3.1324148
Bulgaria,BGR,1998,3.669025
Bulgaria,BGR,1999,3.718413
Bulgaria,BGR,2000,3.578958
Bulgaria,BGR,2001,2.159837
Bulgaria,BGR,2002,2.835246
Bulgaria,BGR,2003,3.8543482
Bulgaria,BGR,2004,4.1520047
Bulgaria,BGR,2005,5.2177896
Bulgaria,BGR,2006,5.0039926
Bulgaria,BGR,2007,3.4964986
Bulgaria,BGR,2008,3.587999
Bulgaria,BGR,2009,5.116166
Bulgaria,BGR,2010,7.6581745
Bulgaria,BGR,2011,4.874571
Bulgaria,BGR,2012,7.2071776
Bulgaria,BGR,2013,10.177441
Bulgaria,BGR,2014,10.104898
Bulgaria,BGR,2015,11.299108
Bulgaria,BGR,2016,9.809312
Bulgaria,BGR,2017,8.443123
Bulgaria,BGR,2018,12.588994
Bulgaria,BGR,2019,10.773653
Bulgaria,BGR,2020,11.53778
Bulgaria,BGR,2021,13.715241
Bulgaria,BGR,2022,12.46647
Bulgaria,BGR,2023,15.011163
Canada,CAN,1965,25.138649
Canada,CAN,1966,26.194746
Canada,CAN,1967,25.610426
Canada,CAN,1968,24.47401
Canada,CAN,1969,25.521269
Canada,CAN,1970,25.025076
Canada,CAN,1971,24.927824
Canada,CAN,1972,25.893644
Canada,CAN,1973,25.552883
Canada,CAN,1974,26.811583
Canada,CAN,1975,26.15631
Canada,CAN,1976,26.332035
Canada,CAN,1977,25.808472
Canada,CAN,1978,27.058771
Canada,CAN,1979,27.29702
Canada,CAN,1980,27.539682
Canada,CAN,1981,29.403925
Canada,CAN,1982,29.416243
Canada,CAN,1983,30.49923
Canada,CAN,1984,30.855843
Canada,CAN,1985,31.611633
Canada,CAN,1986,32.04593
Canada,CAN,1987,31.649542
Canada,CAN,1988,29.61134
Canada,CAN,1989,27.817396
Canada,CAN,1990,29.480997
Canada,CAN,1991,30.499428
Canada,CAN,1992,30.51211
Canada,CAN,1993,30.450893
Canada,CAN,1994,29.927301
Canada,CAN,1995,29.888117
Canada,CAN,1996,30.879307
Canada,CAN,1997,30.284904
Canada,CAN,1998,29.307375
Canada,CAN,1999,29.588795
Canada,CAN,2000,29.767815
Canada,CAN,2001,28.20141
Canada,CAN,2002,28.546556
Canada,CAN,2003,27.180016
Canada,CAN,2004,26.827923
Canada,CAN,2005,28.265472
Canada,CAN,2006,27.618176
Canada,CAN,2007,27.695152
Canada,CAN,2008,28.591097
Canada,CAN,2009,29.210728
Canada,CAN,2010,27.808294
Canada,CAN,2011,28.648472
Canada,CAN,2012,29.00381
Canada,CAN,2013,28.980621
Canada,CAN,2014,28.198492
Canada,CAN,2015,28.918821
Canada,CAN,2016,29.662228
Canada,CAN,2017,29.78379
Canada,CAN,2018,28.792355
Canada,CAN,2019,28.550873
Canada,CAN,2020,30.752234
Canada,CAN,2021,30.284687
Canada,CAN,2022,30.560762
Canada,CAN,2023,29.263187
Chile,CHL,1965,16.141762
Chile,CHL,1966,15.867013
Chile,CHL,1967,15.8887
Chile,CHL,1968,13.367759
Chile,CHL,1969,13.999327
Chile,CHL,1970,14.19122
Chile,CHL,1971,14.860414
Chile,CHL,1972,17.308092
Chile,CHL,1973,17.450201
Chile,CHL,1974,19.770317
Chile,CHL,1975,21.942268
Chile,CHL,1976,21.900364
Chile,CHL,1977,22.105398
Chile,CHL,1978,22.151817
Chile,CHL,1979,21.552887
Chile,CHL,1980,22.069942
Chile,CHL,1981,22.72726
Chile,CHL,1982,26.627869
Chile,CHL,1983,27.825817
Chile,CHL,1984,27.770302
Chile,CHL,1985,30.351582
Chile,CHL,1986,31.423769
Chile,CHL,1987,32.36392
Chile,CHL,1988,28.551182
Chile,CHL,1989,21.783056
Chile,CHL,1990,18.957916
Chile,CHL,1991,24.08466
Chile,CHL,1992,28.355387
Chile,CHL,1993,27.529266
Chile,CHL,1994,25.954521
Chile,CHL,1995,26.028479
Chile,CHL,1996,22.5519
Chile,CHL,1997,21.909548
Chile,CHL,1998,18.059258
Chile,CHL,1999,15.275814
Chile,CHL,2000,19.783125
Chile,CHL,2001,22.047363
Chile,CHL,2002,22.87545
Chile,CHL,2003,22.010805
Chile,CHL,2004,19.43779
Chile,CHL,2005,22.099463
Chile,CHL,2006,22.957874
Chile,CHL,2007,19.440195
Chile,CHL,2008,21.59478
Chile,CHL,2009,22.96064
Chile,CHL,2010,19.835663
Chile,CHL,2011,18.481121
Chile,CHL,2012,18.747072
Chile,CHL,2013,18.79665
Chile,CHL,2014,20.39204
Chile,CHL,2015,21.905157
Chile,CHL,2016,20.180143
Chile,CHL,2017,22.318325
Chile,CHL,2018,24.333767
Chile,CHL,2019,23.463417
Chile,CHL,2020,25.859335
Chile,CHL,2021,24.355661
Chile,CHL,2022,27.08363
Chile,CHL,2023,30.532255
China,CHN,1965,4.253407
China,CHN,1966,3.9831228
China,CHN,1967,3.818398
China,CHN,1968,4.458871
China,CHN,1969,3.7274022
China,CHN,1970,3.0095923
China,CHN,1971,3.0704048
China,CHN,1972,3.227597
China,CHN,1973,3.417015
China,CHN,1974,3.7493546
China,CHN,1975,3.503824
China,CHN,1976,3.3725686
China,CHN,1977,3.2287142
China,CHN,1978,2.7594638
China,CHN,1979,3.008899
China,CHN,1980,3.566198
China,CHN,1981,4.066497
China,CHN,1982,4.4212723
China,CHN,1983,4.8234906
China,CHN,1984,4.515455
China,CHN,1985,4.441829
China,CHN,1986,4.3385277
China,CHN,1987,4.2555475
China,CHN,1988,4.3230724
China,CHN,1989,4.4680266
China,CHN,1990,4.723668
China,CHN,1991,4.4247785
China,CHN,1992,4.4127026
China,CHN,1993,4.75786
China,CHN,1994,4.952474
China,CHN,1995,5.5538197
China,CHN,1996,5.1431327
China,CHN,1997,5.361735
China,CHN,1998,5.4277787
China,CHN,1999,5.1882854
China,CHN,2000,5.656926
China,CHN,2001,6.6186247
China,CHN,2002,6.2804885
China,CHN,2003,5.30111
China,CHN,2004,5.60094
China,CHN,2005,5.5544806
China,CHN,2006,5.577841
China,CHN,2007,5.7195926
China,CHN,2008,7.2738767
China,CHN,2009,6.9355316
China,CHN,2010,7.6156235
China,CHN,2011,7.083536
China,CHN,2012,8.521457
China,CHN,2013,8.958172
China,CHN,2014,10.227447
China,CHN,2015,10.835855
China,CHN,2016,11.725009
China,CHN,2017,12.291223
China,CHN,2018,12.862764
China,CHN,2019,13.459068
China,CHN,2020,14.080283
China,CHN,2021,14.896213
China,CHN,2022,15.9457655
China,CHN,2023,16.164698
Colombia,COL,1965,10.729045
Colombia,COL,1966,10.590929
Colombia,COL,1967,11.202192
Colombia,COL,1968,12.023638
Colombia,COL,1969,13.203888
Colombia,COL,1970,13.413398
Colombia,COL,1971,14.3879595
Colombia,COL,1972,13.823888
Colombia,COL,1973,15.555398
Colombia,COL,1974,15.7888975
Colombia,COL,1975,18.878565
Colombia,COL,1976,19.034077
Colombia,COL,1977,18.79995
Colombia,COL,1978,20.633047
Colombia,COL,1979,21.762644
Colombia,COL,1980,22.777384
Colombia,COL,1981,22.155632
Colombia,COL,1982,23.009438
Colombia,COL,1983,22.032003
Colombia,COL,1984,24.247952
Colombia,COL,1985,25.23612
Colombia,COL,1986,27.80027
Colombia,COL,1987,27.698511
Colombia,COL,1988,29.223629
Colombia,COL,1989,30.273563
Colombia,COL,1990,32.54881
Colombia,COL,1991,31.96542
Colombia,COL,1992,24.941273
Colombia,COL,1993,28.616268
Colombia,COL,1994,30.40986
Colombia,COL,1995,29.690346
Colombia,COL,1996,31.470236
Colombia,COL,1997,27.651566
Colombia,COL,1998,26.757204
Colombia,COL,1999,31.315977
Colombia,COL,2000,29.508314
Colombia,COL,2001,29.830153
Colombia,COL,2002,31.78181
Colombia,COL,2003,32.990623
Colombia,COL,2004,33.021286
Colombia,COL,2005,34.17347
Colombia,COL,2006,32.25097
Colombia,COL,2007,32.76647
Colombia,COL,2008,32.606388
Colombia,COL,2009,29.99507
Colombia,COL,2010,28.606323
Colombia,COL,2011,32.644135
Colombia,COL,2012,30.217394
Colombia,COL,2013,27.414104
Colombia,COL,2014,26.4035
Colombia,COL,2015,27.78511
Colombia,COL,2016,25.639427
Colombia,COL,2017,30.291828
Colombia,COL,2018,29.727283
Colombia,COL,2019,28.663414
Colombia,COL,2020,29.010368
Colombia,COL,2021,30.987612
Colombia,COL,2022,30.924702
Colombia,COL,2023,28.916952
Croatia,HRV,1990,11.523735
Croatia,HRV,1991,19.537254
Croatia,HRV,1992,15.994586
Croatia,HRV,1993,16.087374
Croatia,HRV,1994,18.960016
Croatia,HRV,1995,19.160814
Croatia,HRV,1996,24.701183
Croatia,HRV,1997,18.543142
Croatia,HRV,1998,18.063107
Croatia,HRV,1999,21.245943
Croatia,HRV,2000,19.766321
Croatia,HRV,2001,20.779488
Croatia,HRV,2002,16.806644
Croatia,HRV,2003,14.887468
Croatia,HRV,2004,19.898252
Croatia,HRV,2005,18.501064
Croatia,HRV,2006,17.52409
Croatia,HRV,2007,12.393234
Croatia,HRV,2008,15.262363
Croatia,HRV,2009,19.716614
Croatia,HRV,2010,23.851255
Croatia,HRV,2011,15.510488
Croatia,HRV,2012,16.895237
Croatia,HRV,2013,26.756195
Croatia,HRV,2014,28.475935
Croatia,HRV,2015,22.67194
Croatia,HRV,2016,23.881334
Croatia,HRV,2017,20.280275
Croatia,HRV,2018,27.056107
Croatia,HRV,2019,24.222437
Croatia,HRV,2020,26.004786
Croatia,HRV,2021,29.736883
Croatia,HRV,2022,26.013306
Croatia,HRV,2023,31.566439
Czechia,CZE,1965,1.4077874
Czechia,CZE,1966,1.3170925
Czechia,CZE,1967,1.2057945
Czechia,CZE,1968,0.89475876
Czechia,CZE,1969,0.7005399
Czechia,CZE,1970,0.9598853
Czechia,CZE,1971,0.64512116
Czechia,CZE,1972,0.6712159
Czechia,CZE,1973,0.57063675
Czechia,CZE,1974,0.9500237
Czechia,CZE,1975,0.91022944
Czechia,CZE,1976,0.7058947
Czechia,CZE,1977,0.9296591
Czechia,CZE,1978,0.8529741
Czechia,CZE,1979,1.0576006
Czechia,CZE,1980,1.1426239
Czechia,CZE,1981,0.9889818
Czechia,CZE,1982,0.8108596
Czechia,CZE,1983,0.80229473
Czechia,CZE,1984,0.6089416
Czechia,CZE,1985,0.782431
Czechia,CZE,1986,0.8687311
Czechia,CZE,1987,1.1157937
Czechia,CZE,1988,0.94598264
Czechia,CZE,1989,0.7638888
Czechia,CZE,1990,0.6279108
Czechia,CZE,1991,0.6470877
Czechia,CZE,1992,0.86247593
Czechia,CZE,1993,0.9614583
Czechia,CZE,1994,1.1625127
Czechia,CZE,1995,1.5213261
Czechia,CZE,1996,1.393759
Czechia,CZE,1997,1.446235
Czechia,CZE,1998,1.3689234
Czechia,CZE,1999,1.7020341
Czechia,CZE,2000,1.5951673
Czechia,CZE,2001,1.6955769
Czechia,CZE,2002,1.9760944
Czechia,CZE,2003,1.2228435
Czechia,CZE,2004,1.6074102
Czechia,CZE,2005,1.778649
Czechia,CZE,2006,1.9904531
Czechia,CZE,2007,1.9663903
Czechia,CZE,2008,2.3974464
Czechia,CZE,2009,3.2484796
Czechia,CZE,2010,3.8938859
Czechia,CZE,2011,4.9096026
Czechia,CZE,2012,5.3718815
Czechia,CZE,2013,6.2181935
Czechia,CZE,2014,6.416
Czechia,CZE,2015,6.6330338
Czechia,CZE,2016,6.700512
Czechia,CZE,2017,6.499982
Czechia,CZE,2018,6.3605146
Czechia,CZE,2019,6.9432154
Czechia,CZE,2020,7.7524385
Czechia,CZE,2021,7.481806
Czechia,CZE,2022,7.5352736
Czechia,CZE,2023,7.9845033
Denmark,DNK,1983,0.14966652
Denmark,DNK,1984,0.15148832
Denmark,DNK,1985,0.16285837
Denmark,DNK,1986,0.27791974
Denmark,DNK,1987,0.37065881
Denmark,DNK,1988,0.5722486
Denmark,DNK,1989,0.88691425
Denmark,DNK,1990,1.2664864
Denmark,DNK,1991,1.4587733
Denmark,DNK,1992,2.0408638
Denmark,DNK,1993,2.3619852
Denmark,DNK,1994,2.1321414
Denmark,DNK,1995,2.3133218
Denmark,DNK,1996,2.187726
Denmark,DNK,1997,3.3808842
Denmark,DNK,1998,4.675769
Denmark,DNK,1999,5.389067
Denmark,DNK,2000,7.0956717
Denmark,DNK,2001,7.4025145
Denmark,DNK,2002,8.58695
Denmark,DNK,2003,9.462797
Denmark,DNK,2004,11.729119
Denmark,DNK,2005,12.474308
Denmark,DNK,2006,10.684707
Denmark,DNK,2007,12.466456
Denmark,DNK,2008,12.62092
Denmark,DNK,2009,13.378912
Denmark,DNK,2010,15.567867
Denmark,DNK,2011,19.240635
Denmark,DNK,2012,22.003109
Denmark,DNK,2013,22.68556
Denmark,DNK,2014,26.237986
Denmark,DNK,2015,28.001373
Denmark,DNK,2016,26.942242
Denmark,DNK,2017,31.503704
Denmark,DNK,2018,30.349339
Denmark,DNK,2019,34.10149
Denmark,DNK,2020,38.468384
Denmark,DNK,2021,40.294327
Denmark,DNK,2022,41.246773
Denmark,DNK,2023,42.73486
Ecuador,ECU,1990,18.208447
Ecuador,ECU,1991,16.781822
Ecuador,ECU,1992,16.528347
Ecuador,ECU,1993,18.627613
Ecuador,ECU,1994,19.351004
Ecuador,ECU,1995,16.093632
Ecuador,ECU,1996,17.381893
Ecuador,ECU,1997,16.071615
Ecuador,ECU,1998,15.920069
Ecuador,ECU,1999,19.251896
Ecuador,ECU,2000,21.61393
Ecuador,ECU,2001,19.692354
Ecuador,ECU,2002,21.095179
Ecuador,ECU,2003,19.533443
Ecuador,ECU,2004,18.734915
Ecuador,ECU,2005,16.596605
Ecuador,ECU,2006,16.251612
Ecuador,ECU,2007,19.557274
Ecuador,ECU,2008,22.617527
Ecuador,ECU,2009,18.929247
Ecuador,ECU,2010,15.955793
Ecuador,ECU,2011,19.212603
Ecuador,ECU,2012,19.8579
Ecuador,ECU,2013,17.394707
Ecuador,ECU,2014,17.304941
Ecuador,ECU,2015,19.689713
Ecuador,ECU,2016,23.698437
Ecuador,ECU,2017,28.42279
Ecuador,ECU,2018,27.421818
Ecuador,ECU,2019,31.70298
Ecuador,ECU,2020,36.008568
Ecuador,ECU,2021,32.326263
Ecuador,ECU,2022,29.61888
Ecuador,ECU,2023,28.97765
Egypt,EGY,1965,5.587894
Egypt,EGY,1966,5.5950437
Egypt,EGY,1967,7.041625
Egypt,EGY,1968,9.956792
Egypt,EGY,1969,16.08243
Egypt,EGY,1970,15.164636
Egypt,EGY,1971,15.877998
Egypt,EGY,1972,14.63569
Egypt,EGY,1973,15.458054
Egypt,EGY,1974,16.143082
Egypt,EGY,1975,16.16058
Egypt,EGY,1976,15.923643
Egypt,EGY,1977,16.571007
Egypt,EGY,1978,17.237104
Egypt,EGY,1979,15.267534
Egypt,EGY,1980,13.69403
Egypt,EGY,1981,12.52634
Egypt,EGY,1982,11.533038
Egypt,EGY,1983,9.980415
Egypt,EGY,1984,8.979603
Egypt,EGY,1985,8.225813
Egypt,EGY,1986,7.8884335
Egypt,EGY,1987,7.4370356
Egypt,EGY,1988,7.214404
Egypt,EGY,1989,7.3539524
Egypt,EGY,1990,7.5208664
Egypt,EGY,1991,7.3963394
Egypt,EGY,1992,7.3806868
Egypt,EGY,1993,7.595429
Egypt,EGY,1994,7.6767826
Egypt,EGY,1995,7.558946
Egypt,EGY,1996,7.3617535
Egypt,EGY,1997,7.2438493
Egypt,EGY,1998,7.1541777
Egypt,EGY,1999,7.409151
Egypt,EGY,2000,7.416067
Egypt,EGY,2001,7.225908
Egypt,EGY,2002,6.795775
Egypt,EGY,2003,5.9376993
Egypt,EGY,2004,5.6346426
Egypt,EGY,2005,5.385707
Egypt,EGY,2006,5.1723156
Egypt,EGY,2007,5.363156
Egypt,EGY,2008,5.4142365
Egypt,EGY,2009,4.8005958
Egypt,EGY,2010,4.4617195
Egypt,EGY,2011,4.315468
Egypt,EGY,2012,4.160286
Egypt,EGY,2013,4.15519
Egypt,EGY,2014,4.1552024
Egypt,EGY,2015,4.3093953
Egypt,EGY,2016,4.1127086
Egypt,EGY,2017,3.8524866
Egypt,EGY,2018,4.065821
Egypt,EGY,2019,5.1530914
Egypt,EGY,2020,6.528981
Egypt,EGY,2021,6.0273504
Egypt,EGY,2022,5.699291
Egypt,EGY,2023,5.891331
Estonia,EST,1985,0
Estonia,EST,1986,0
Estonia,EST,1987,0
Estonia,EST,1988,0
Estonia,EST,1989,0
Estonia,EST,1990,0
Estonia,EST,1991,0
Estonia,EST,1992,0
Estonia,EST,1993,0
Estonia,EST,1994,0
Estonia,EST,1995,0.030810123
Estonia,EST,1996,0.024178887
Estonia,EST,1997,0.039272036
Estonia,EST,1998,0.06566687
Estonia,EST,1999,0.09923462
Estonia,EST,2000,0.34300694
Estonia,EST,2001,0.15898865
Estonia,EST,2002,0.18508367
Estonia,EST,2003,0.21938756
Estonia,EST,2004,0.2892184
Estonia,EST,2005,0.5010425
Estonia,EST,2006,0.6115425
Estonia,EST,2007,0.59698224
Estonia,EST,2008,0.91512406
Estonia,EST,2009,2.8205373
Estonia,EST,2010,4.5134435
Estonia,EST,2011,5.002608
Estonia,EST,2012,6.1861205
Estonia,EST,2013,4.875871
Estonia,EST,2014,5.822954
Estonia,EST,2015,6.8995023
Estonia,EST,2016,6.7311354
Estonia,EST,2017,7.1341434
Estonia,EST,2018,8.032092
Estonia,EST,2019,10.686006
Estonia,EST,2020,15.784544
Estonia,EST,2021,14.641426
Estonia,EST,2022,13.766856
Estonia,EST,2023,15.521677
Finland,FIN,1974,18.06427
Finland,FIN,1975,17.08967
Finland,FIN,1976,12.514575
Finland,FIN,1977,15.202661
Finland,FIN,1978,11.782436
Finland,FIN,1979,12.09141
Finland,FIN,1980,11.415307
Finland,FIN,1981,15.10919
Finland,FIN,1982,14.666411
Finland,FIN,1983,15.36475
Finland,FIN,1984,14.383723
Finland,FIN,1985,12.764181
Finland,FIN,1986,12.675926
Finland,FIN,1987,13.406022
Finland,FIN,1988,13.070462
Finland,FIN,1989,12.690623
Finland,FIN,1990,15.025665
Finland,FIN,1991,16.623262
Finland,FIN,1992,18.345428
Finland,FIN,1993,17.708103
Finland,FIN,1994,15.905319
Finland,FIN,1995,17.83622
Finland,FIN,1996,15.512952
Finland,FIN,1997,17.436531
Finland,FIN,1998,20.417698
Finland,FIN,1999,18.097704
Finland,FIN,2000,19.816307
Finland,FIN,2001,17.827953
Finland,FIN,2002,16.364536
Finland,FIN,2003,14.705513
Finland,FIN,2004,19.619965
Finland,FIN,2005,19.669651
Finland,FIN,2006,17.648571
Finland,FIN,2007,18.949663
Finland,FIN,2008,22.497007
Finland,FIN,2009,19.203804
Finland,FIN,2010,19.707203
Finland,FIN,2011,21.06651
Finland,FIN,2012,25.105116
Finland,FIN,2013,22.765919
Finland,FIN,2014,24.830048
Finland,FIN,2015,28.261705
Finland,FIN,2016,26.694275
Finland,FIN,2017,28.758484
Finland,FIN,2018,28.735558
Finland,FIN,2019,29.32629
Finland,FIN,2020,33.45363
Finland,FIN,2021,35.85605
Finland,FIN,2022,35.68258
Finland,FIN,2023,35.936253
France,FRA,1965,10.29021
France,FRA,1966,11.304578
France,FRA,1967,9.310768
France,FRA,1968,9.88298
France,FRA,1969,9.455497
France,FRA,1970,9.389571
France,FRA,1971,7.856475
France,FRA,1972,7.395049
France,FRA,1973,6.6609397
France,FRA,1974,7.962638
France,FRA,1975,8.960049
France,FRA,1976,6.8634806
France,FRA,1977,10.469228
France,FRA,1978,9.071197
France,FRA,1979,8.585797
France,FRA,1980,9.035392
France,FRA,1981,9.517086
France,FRA,1982,9.66136
France,FRA,1983,9.3065195
France,FRA,1984,8.527576
France,FRA,1985,7.798105
France,FRA,1986,7.6883883
France,FRA,1987,8.467063
France,FRA,1988,9.054768
France,FRA,1989,5.5444374
France,FRA,1990,6.241498
France,FRA,1991,6.2466106
France,FRA,1992,7.3756804
France,FRA,1993,6.9578476
France,FRA,1994,8.531402
France,FRA,1995,7.761339
France,FRA,1996,6.827265
France,FRA,1997,6.7619724
France,FRA,1998,6.4227214
France,FRA,1999,7.365318
France,FRA,2000,6.7216315
France,FRA,2001,7.4109597
France,FRA,2002,6.1641173
France,FRA,2003,5.9472837
France,FRA,2004,5.953116
France,FRA,2005,5.362479
France,FRA,2006,5.9662986
France,FRA,2007,6.631294
France,FRA,2008,7.6250157
France,FRA,2009,7.709266
France,FRA,2010,8.210716
France,FRA,2011,7.181137
France,FRA,2012,9.037564
France,FRA,2013,10.23553
France,FRA,2014,10.241491
France,FRA,2015,9.901025
France,FRA,2016,10.735397
France,FRA,2017,10.140911
France,FRA,2018,11.915838
France,FRA,2019,12.15705
France,FRA,2020,14.716146
France,FRA,2021,13.6294365
France,FRA,2022,14.591658
France,FRA,2023,16.940176
Germany,DEU,1965,1.6145031
Germany,DEU,1966,1.7416129
Germany,DEU,1967,1.6582536
Germany,DEU,1968,1.5761396
Germany,DEU,1969,1.185767
Germany,DEU,1970,1.5171293
Germany,DEU,1971,1.1796807
Germany,DEU,1972,1.1219958
Germany,DEU,1973,1.213714
Germany,DEU,1974,1.4188614
Germany,DEU,1975,1.4353293
Germany,DEU,1976,1.1208524
Germany,DEU,1977,1.3967295
Germany,DEU,1978,1.4089609
Germany,DEU,1979,1.3454018
Germany,DEU,1980,1.4781907
Germany,DEU,1981,1.5739785
Germany,DEU,1982,1.6178513
Germany,DEU,1983,1.4992614
Germany,DEU,1984,1.4371842
Germany,DEU,1985,1.3216146
Germany,DEU,1986,1.4105302
Germany,DEU,1987,1.5094992
Germany,DEU,1988,1.5009328
Germany,DEU,1989,1.3991727
Germany,DEU,1990,1.3369406
Germany,DEU,1991,1.2709582
Germany,DEU,1992,1.520455
Germany,DEU,1993,1.5835444
Germany,DEU,1994,1.7396334
Germany,DEU,1995,1.8891901
Germany,DEU,1996,1.6823944
Germany,DEU,1997,1.8035166
Germany,DEU,1998,1.9705647
Germany,DEU,1999,2.2275858
Germany,DEU,2000,2.8871114
Germany,DEU,2001,2.9411676
Germany,DEU,2002,3.5386324
Germany,DEU,2003,3.6419902
Germany,DEU,2004,4.516598
Germany,DEU,2005,5.208511
Germany,DEU,2006,6.0263686
Germany,DEU,2007,7.6538005
Germany,DEU,2008,7.817749
Germany,DEU,2009,8.454232
Germany,DEU,2010,8.792499
Germany,DEU,2011,10.566928
Germany,DEU,2012,11.899734
Germany,DEU,2013,12.063284
Germany,DEU,2014,13.335284
Germany,DEU,2015,14.878483
Germany,DEU,2016,14.665688
Germany,DEU,2017,16.26483
Germany,DEU,2018,17.168362
Germany,DEU,2019,18.82998
Germany,DEU,2020,21.123863
Germany,DEU,2021,19.06692
Germany,DEU,2022,21.36138
Germany,DEU,2023,24.394201
Greece,GRC,1982,5.2865105
Greece,GRC,1983,3.454517
Greece,GRC,1984,4.0465713
Greece,GRC,1985,3.7546217
Greece,GRC,1986,4.321012
Greece,GRC,1987,3.3969667
Greece,GRC,1988,2.7383325
Greece,GRC,1989,2.0288165
Greece,GRC,1990,1.8226942
Greece,GRC,1991,3.1458595
Greece,GRC,1992,2.2052224
Greece,GRC,1993,2.2926166
Greece,GRC,1994,2.5512788
Greece,GRC,1995,3.3267493
Greece,GRC,1996,3.9930205
Greece,GRC,1997,3.4682534
Greece,GRC,1998,3.1564183
Greece,GRC,1999,3.9640613
Greece,GRC,2000,3.2847326
Greece,GRC,2001,2.296041
Greece,GRC,2002,2.7831924
Greece,GRC,2003,4.2976427
Greece,GRC,2004,4.2918515
Greece,GRC,2005,4.6005774
Greece,GRC,2006,5.44987
Greece,GRC,2007,3.3446171
Greece,GRC,2008,4.1339064
Greece,GRC,2009,5.996017
Greece,GRC,2010,8.131609
Greece,GRC,2011,6.3986807
Greece,GRC,2012,8.401619
Greece,GRC,2013,12.436178
Greece,GRC,2014,11.320253
Greece,GRC,2015,13.459677
Greece,GRC,2016,13.661964
Greece,GRC,2017,12.052897
Greece,GRC,2018,13.840273
Greece,GRC,2019,14.172345
Greece,GRC,2020,17.601542
Greece,GRC,2021,20.09628
Greece,GRC,2022,19.641994
Greece,GRC,2023,21.644836
Hong Kong,HKG,1995,0
Hong Kong,HKG,1996,0
Hong Kong,HKG,1997,0
Hong Kong,HKG,1998,0
Hong Kong,HKG,1999,0
Hong Kong,HKG,2008,0.00080172904
Hong Kong,HKG,2009,0.0009937222
Hong Kong,HKG,2010,0.05381598
Hong Kong,HKG,2011,0.13770953
Hong Kong,HKG,2012,0.061687157
Hong Kong,HKG,2013,0.1611944
Hong Kong,HKG,2014,0.15181382
Hong Kong,HKG,2015,0.20598702
Hong Kong,HKG,2016,0.20709695
Hong Kong,HKG,2017,0.2106131
Hong Kong,HKG,2018,0.24167377
Hong Kong,HKG,2019,0.25547945
Hong Kong,HKG,2020,0.4387561
Hong Kong,HKG,2021,0.6320362
Hong Kong,HKG,2022,0.9528749
Hong Kong,HKG,2023,0.9380849
Hungary,HUN,1965,0.11989387
Hungary,HUN,1966,0.15773733
Hungary,HUN,1967,0.13554126
Hungary,HUN,1968,0.14179073
Hungary,HUN,1969,0.14133148
Hungary,HUN,1970,0.12151648
Hungary,HUN,1971,0.128392
Hungary,HUN,1972,0.14248806
Hungary,HUN,1973,0.12081837
Hungary,HUN,1974,0.094015844
Hungary,HUN,1975,0.17870052
Hungary,HUN,1976,0.16931991
Hungary,HUN,1977,0.14541946
Hungary,HUN,1978,0.12593117
Hungary,HUN,1979,0.13454616
Hungary,HUN,1980,0.10290331
Hungary,HUN,1981,0.15593338
Hungary,HUN,1982,0.14692831
Hungary,HUN,1983,0.14574319
Hungary,HUN,1984,0.1656924
Hungary,HUN,1985,0.13748026
Hungary,HUN,1986,0.13723414
Hungary,HUN,1987,0.14415859
Hungary,HUN,1988,0.14756292
Hungary,HUN,1989,0.1416178
Hungary,HUN,1990,0.1796139
Hungary,HUN,1991,0.21539119
Hungary,HUN,1992,0.21199435
Hungary,HUN,1993,0.22068326
Hungary,HUN,1994,0.2185324
Hungary,HUN,1995,0.23038746
Hungary,HUN,1996,0.26405832
Hungary,HUN,1997,0.28327656
Hungary,HUN,1998,0.22449638
Hungary,HUN,1999,0.2566925
Hungary,HUN,2000,0.261336
Hungary,HUN,2001,0.26867232
Hungary,HUN,2002,0.25034344
Hungary,HUN,2003,0.35918176
Hungary,HUN,2004,1.0114594
Hungary,HUN,2005,1.9246767
Hungary,HUN,2006,1.5934231
Hungary,HUN,2007,2.089157
Hungary,HUN,2008,3.1521368
Hungary,HUN,2009,4.0226183
Hungary,HUN,2010,4.081326
Hungary,HUN,2011,3.75528
Hungary,HUN,2012,3.8991413
Hungary,HUN,2013,4.2139344
Hungary,HUN,2014,4.9268494
Hungary,HUN,2015,4.698194
Hungary,HUN,2016,4.6759534
Hungary,HUN,2017,4.5672145
Hungary,HUN,2018,4.958271
Hungary,HUN,2019,5.7964964
Hungary,HUN,2020,7.0143948
Hungary,HUN,2021,7.9829783
Hungary,HUN,2022,9.2652645
Hungary,HUN,2023,10.97823
Iceland,ISL,2007,74.30169
India,IND,1965,9.149455
India,IND,1966,9.270713
India,IND,1967,10.058605
India,IND,1968,10.8575325
India,IND,1969,10.873966
India,IND,1970,11.78412
India,IND,1971,12.426771
India,IND,1972,11.463117
India,IND,1973,11.957463
India,IND,1974,10.860853
India,IND,1975,12.067703
India,IND,1976,12.0367985
India,IND,1977,12.415875
India,IND,1978,14.818278
India,IND,1979,13.540278
India,IND,1980,13.453118
India,IND,1981,12.948172
India,IND,1982,11.035111
India,IND,1983,10.110921
India,IND,1984,10.576084
India,IND,1985,9.670784
India,IND,1986,9.167619
India,IND,1987,8.030696
India,IND,1988,8.2299185
India,IND,1989,8.742306
India,IND,1990,8.54283
India,IND,1991,9.029866
India,IND,1992,8.140624
India,IND,1993,8.035936
India,IND,1994,8.667226
India,IND,1995,7.6867676
India,IND,1996,6.7896338
India,IND,1997,6.5708995
India,IND,1998,7.3818192
India,IND,1999,7.1308775
India,IND,2000,6.398104
India,IND,2001,6.0226192
India,IND,2002,5.529273
India,IND,2003,5.445053
India,IND,2004,7.278265
India,IND,2005,6.731385
India,IND,2006,7.539817
India,IND,2007,7.681195
India,IND,2008,7.093329
India,IND,2009,6.352798
India,IND,2010,6.450954
India,IND,2011,7.426478
India,IND,2012,6.692072
India,IND,2013,7.3276463
India,IND,2014,7.3362403
India,IND,2015,7.1391196
India,IND,2016,6.973517
India,IND,2017,7.4859
India,IND,2018,7.9542136
India,IND,2019,8.904294
India,IND,2020,9.739235
India,IND,2021,9.488208
India,IND,2022,10.273168
India,IND,2023,9.676426
Indonesia,IDN,1965,6.385929
Indonesia,IDN,1966,8.36461
Indonesia,IDN,1967,9.505836
Indonesia,IDN,1968,11.010139
Indonesia,IDN,1969,10.201887
Indonesia,IDN,1970,11.57067
Indonesia,IDN,1971,4.00115
Indonesia,IDN,1972,3.3738363
Indonesia,IDN,1973,3.7743795
Indonesia,IDN,1974,3.9022937
Indonesia,IDN,1975,3.3421185
Indonesia,IDN,1976,1.86724
Indonesia,IDN,1977,2.34783
Indonesia,IDN,1978,1.49063
Indonesia,IDN,1979,1.4562845
Indonesia,IDN,1980,1.2272301
Indonesia,IDN,1981,1.1406815
Indonesia,IDN,1982,1.2204517
Indonesia,IDN,1983,1.7323705
Indonesia,IDN,1984,1.7180939
Indonesia,IDN,1985,1.9808587
Indonesia,IDN,1986,2.9868257
Indonesia,IDN,1987,2.9112308
Indonesia,IDN,1988,3.0289974
Indonesia,IDN,1989,3.4081194
Indonesia,IDN,1990,3.7318628
Indonesia,IDN,1991,3.81247
Indonesia,IDN,1992,4.4085426
Indonesia,IDN,1993,3.8476534
Indonesia,IDN,1994,3.5212233
Indonesia,IDN,1995,3.5392694
Indonesia,IDN,1996,3.5088153
Indonesia,IDN,1997,2.4772785
Indonesia,IDN,1998,4.0149045
Indonesia,IDN,1999,3.852458
Indonesia,IDN,2000,3.733831
Indonesia,IDN,2001,4.1125903
Indonesia,IDN,2002,3.6303015
Indonesia,IDN,2003,3.1624913
Indonesia,IDN,2004,3.3661623
Indonesia,IDN,2005,3.4541986
Indonesia,IDN,2006,3.1702235
Indonesia,IDN,2007,3.31408
Indonesia,IDN,2008,3.5247178
Indonesia,IDN,2009,3.6053057
Indonesia,IDN,2010,4.3475184
Indonesia,IDN,2011,3.431125
Indonesia,IDN,2012,3.5263355
Indonesia,IDN,2013,4.4679456
Indonesia,IDN,2014,4.608102
Indonesia,IDN,2015,3.9044187
Indonesia,IDN,2016,5.6316724
Indonesia,IDN,2017,5.4710994
Indonesia,IDN,2018,7.7867928
Indonesia,IDN,2019,8.279649
Indonesia,IDN,2020,10.217818
Indonesia,IDN,2021,10.79372
Indonesia,IDN,2022,9.899512
Indonesia,IDN,2023,10.446613
Iran,IRN,1965,5.2250767
Iran,IRN,1966,5.151487
Iran,IRN,1967,5.0412226
Iran,IRN,1968,4.9317336
Iran,IRN,1969,4.837112
Iran,IRN,1970,4.4152985
Iran,IRN,1971,4.3325543
Iran,IRN,1972,5.018947
Iran,IRN,1973,3.5577044
Iran,IRN,1974,3.4556205
Iran,IRN,1975,3.1140482
Iran,IRN,1976,3.0952492
Iran,IRN,1977,2.8250146
Iran,IRN,1978,4.5260034
Iran,IRN,1979,3.6342711
Iran,IRN,1980,4.064726
Iran,IRN,1981,4.4219165
Iran,IRN,1982,4.111237
Iran,IRN,1983,3.3884645
Iran,IRN,1984,2.9317567
Iran,IRN,1985,2.7088299
Iran,IRN,1986,3.4556096
Iran,IRN,1987,3.5734787
Iran,IRN,1988,3.6968005
Iran,IRN,1989,2.7610445
Iran,IRN,1990,2.6902497
Iran,IRN,1991,1.8835832
Iran,IRN,1992,2.7959177
Iran,IRN,1993,3.4577887
Iran,IRN,1994,2.021462
Iran,IRN,1995,2.326306
Iran,IRN,1996,2.2645998
Iran,IRN,1997,1.4810697
Iran,IRN,1998,1.7921339
Iran,IRN,1999,1.1498691
Iran,IRN,2000,0.8082891
Iran,IRN,2001,0.8181908
Iran,IRN,2002,1.4433478
Iran,IRN,2003,1.6837656
Iran,IRN,2004,1.8843321
Iran,IRN,2005,2.1426384
Iran,IRN,2006,2.500738
Iran,IRN,2007,2.2706358
Iran,IRN,2008,0.9233144
Iran,IRN,2009,0.8159316
Iran,IRN,2010,1.1913837
Iran,IRN,2011,1.1921026
Iran,IRN,2012,1.3767738
Iran,IRN,2013,1.5277675
Iran,IRN,2014,1.444072
Iran,IRN,2015,1.320366
Iran,IRN,2016,1.4484855
Iran,IRN,2017,1.5695099
Iran,IRN,2018,0.92631114
Iran,IRN,2019,2.8355055
Iran,IRN,2020,1.9334664
Iran,IRN,2021,1.2263017
Iran,IRN,2022,1.2014121
Iran,IRN,2023,1.8229214
Iraq,IRQ,2017,1.0475221
Iraq,IRQ,2018,0.98314315
Iraq,IRQ,2019,2.2004015
Ireland,IRL,1979,2.3525975
Ireland,IRL,1980,2.4656003
Ireland,IRL,1981,2.5970182
Ireland,IRL,1982,2.4390516
Ireland,IRL,1983,2.4031906
Ireland,IRL,1984,2.1390052
Ireland,IRL,1985,2.487561
Ireland,IRL,1986,2.5271845
Ireland,IRL,1987,1.8662728
Ireland,IRL,1988,2.3837883
Ireland,IRL,1989,1.8510282
Ireland,IRL,1990,1.7483125
Ireland,IRL,1991,1.8013103
Ireland,IRL,1992,1.9758353
Ireland,IRL,1993,1.8359721
Ireland,IRL,1994,2.120603
Ireland,IRL,1995,1.6132627
Ireland,IRL,1996,1.6042329
Ireland,IRL,1997,1.6546531
Ireland,IRL,1998,2.2191892
Ireland,IRL,1999,2.0208225
Ireland,IRL,2000,2.034373
Ireland,IRL,2001,1.6607853
Ireland,IRL,2002,2.2350235
Ireland,IRL,2003,1.8804967
Ireland,IRL,2004,2.2461925
Ireland,IRL,2005,2.8786287
Ireland,IRL,2006,3.6557345
Ireland,IRL,2007,4.1544456
Ireland,IRL,2008,5.4890666
Ireland,IRL,2009,7.0551596
Ireland,IRL,2010,6.468354
Ireland,IRL,2011,9.50042
Ireland,IRL,2012,9.308356
Ireland,IRL,2013,10.137973
Ireland,IRL,2014,11.478303
Ireland,IRL,2015,13.121304
Ireland,IRL,2016,11.98258
Ireland,IRL,2017,14.191961
Ireland,IRL,2018,15.6791315
Ireland,IRL,2019,18.009615
Ireland,IRL,2020,21.518867
Ireland,IRL,2021,18.387724
Ireland,IRL,2022,20.03623
Ireland,IRL,2023,22.302807
Israel,ISR,1980,0
Israel,ISR,1981,0.006281023
Israel,ISR,1982,0.0058126245
Israel,ISR,1983,0.0029045169
Israel,ISR,1984,0.005582296
Israel,ISR,1985,0.006019132
Israel,ISR,1986,0.017166344
Israel,ISR,1987,0.026679432
Israel,ISR,1988,0.024892602
Israel,ISR,1989,0.00713814
Israel,ISR,1990,0.0068695177
Israel,ISR,1991,0.013514825
Israel,ISR,1992,0.055975646
Israel,ISR,1993,0.04621226
Israel,ISR,1994,0.039183754
Israel,ISR,1995,0.03786965
Israel,ISR,1996,0.035081003
Israel,ISR,1997,0.033417907
Israel,ISR,1998,0.03175548
Israel,ISR,1999,0.040444262
Israel,ISR,2000,0.04031588
Israel,ISR,2001,0.0258593
Israel,ISR,2002,0.09087086
Israel,ISR,2003,0.10240744
Israel,ISR,2004,0.09672579
Israel,ISR,2005,0.119960636
Israel,ISR,2006,0.0694792
Israel,ISR,2007,0.061499506
Israel,ISR,2008,0.070539854
Israel,ISR,2009,0.1537155
Israel,ISR,2010,0.23017603
Israel,ISR,2011,0.368569
Israel,ISR,2012,0.52630293
Israel,ISR,2013,0.6158397
Israel,ISR,2014,1.0545208
Israel,ISR,2015,1.3535545
Israel,ISR,2016,1.8459212
Israel,ISR,2017,1.8471863
Israel,ISR,2018,1.9937472
Israel,ISR,2019,3.0705597
Israel,ISR,2020,4.2514257
Israel,ISR,2021,5.162033
Israel,ISR,2022,5.6662054
Israel,ISR,2023,7.0659175
Italy,ITA,1965,14.399825
Italy,ITA,1966,13.789761
Italy,ITA,1967,12.396454
Italy,ITA,1968,11.592197
Italy,ITA,1969,10.465505
Italy,ITA,1970,9.408058
Italy,ITA,1971,8.673787
Italy,ITA,1972,8.623178
Italy,ITA,1973,7.571964
Italy,ITA,1974,7.7026577
Italy,ITA,1975,8.419505
Italy,ITA,1976,7.6167636
Italy,ITA,1977,9.689525
Italy,ITA,1978,8.498705
Italy,ITA,1979,8.319645
Italy,ITA,1980,8.439496
Italy,ITA,1981,8.140426
Italy,ITA,1982,8.032729
Italy,ITA,1983,8.177463
Italy,ITA,1984,8.236615
Italy,ITA,1985,7.919222
Italy,ITA,1986,7.745234
Italy,ITA,1987,7.2850204
Italy,ITA,1988,7.320364
Italy,ITA,1989,6.0404835
Italy,ITA,1990,5.5439982
Italy,ITA,1991,7.0200934
Italy,ITA,1992,7.082338
Italy,ITA,1993,7.147924
Italy,ITA,1994,7.6455235
Italy,ITA,1995,6.312267
Italy,ITA,1996,7.0418596
Italy,ITA,1997,6.921144
Italy,ITA,1998,6.806154
Italy,ITA,1999,7.312841
Italy,ITA,2000,7.155644
Italy,ITA,2001,7.6085052
Italy,ITA,2002,6.7783756
Italy,ITA,2003,6.33908
Italy,ITA,2004,7.220356
Italy,ITA,2005,6.4335437
Italy,ITA,2006,6.729988
Italy,ITA,2007,6.431969
Italy,ITA,2008,8.19532
Italy,ITA,2009,10.585501
Italy,ITA,2010,11.430808
Italy,ITA,2011,12.443046
Italy,ITA,2012,14.165738
Italy,ITA,2013,17.610695
Italy,ITA,2014,19.739758
Italy,ITA,2015,17.510365
Italy,ITA,2016,17.231768
Italy,ITA,2017,16.370815
Italy,ITA,2018,17.727497
Italy,ITA,2019,17.864973
Italy,ITA,2020,20.03473
Italy,ITA,2021,18.57917
Italy,ITA,2022,16.526909
Italy,ITA,2023,19.27818
Japan,JPN,1965,12.279377
Japan,JPN,1966,11.286734
Japan,JPN,1967,8.691781
Japan,JPN,1968,8.453349
Japan,JPN,1969,7.437604
Japan,JPN,1970,6.541671
Japan,JPN,1971,6.9699736
Japan,JPN,1972,6.579958
Japan,JPN,1973,4.7081666
Japan,JPN,1974,5.8826437
Japan,JPN,1975,5.997585
Japan,JPN,1976,5.766711
Japan,JPN,1977,5.070976
Japan,JPN,1978,4.7853446
Japan,JPN,1979,5.4248686
Japan,JPN,1980,6.1456776
Japan,JPN,1981,6.199062
Japan,JPN,1982,6.6420836
Japan,JPN,1983,6.726596
Japan,JPN,1984,5.7186503
Japan,JPN,1985,6.3615613
Japan,JPN,1986,6.313782
Japan,JPN,1987,5.7358527
Japan,JPN,1988,6.444453
Japan,JPN,1989,6.4262824
Japan,JPN,1990,5.6428037
Japan,JPN,1991,5.8870516
Japan,JPN,1992,5.0480127
Japan,JPN,1993,5.6211276
Japan,JPN,1994,4.068079
Japan,JPN,1995,4.6962857
Japan,JPN,1996,4.5733137
Japan,JPN,1997,4.994817
Japan,JPN,1998,5.194057
Japan,JPN,1999,4.8818135
Japan,JPN,2000,4.8190794
Japan,JPN,2001,4.7145886
Japan,JPN,2002,4.7228813
Japan,JPN,2003,5.3383565
Japan,JPN,2004,5.2529583
Japan,JPN,2005,4.7229195
Japan,JPN,2006,5.2366915
Japan,JPN,2007,4.6928535
Japan,JPN,2008,4.7652874
Japan,JPN,2009,4.9600253
Japan,JPN,2010,5.649895
Japan,JPN,2011,5.6971593
Japan,JPN,2012,5.6249747
Japan,JPN,2013,6.106115
Japan,JPN,2014,6.918495
Japan,JPN,2015,8.037719
Japan,JPN,2016,7.962104
Japan,JPN,2017,8.4127655
Japan,JPN,2018,9.054853
Japan,JPN,2019,9.284181
Japan,JPN,2020,10.928532
Japan,JPN,2021,11.268134
Japan,JPN,2022,11.606308
Japan,JPN,2023,12.584244
Kazakhstan,KAZ,1985,1.9355252
Kazakhstan,KAZ,1986,1.7365297
Kazakhstan,KAZ,1987,2.035726
Kazakhstan,KAZ,1988,2.3956878
Kazakhstan,KAZ,1989,2.5382574
Kazakhstan,KAZ,1990,2.5343888
Kazakhstan,KAZ,1991,2.4798365
Kazakhstan,KAZ,1992,2.3956668
Kazakhstan,KAZ,1993,3.0152721
Kazakhstan,KAZ,1994,4.0728307
Kazakhstan,KAZ,1995,4.114585
Kazakhstan,KAZ,1996,4.1591706
Kazakhstan,KAZ,1997,4.181545
Kazakhstan,KAZ,1998,4.193706
Kazakhstan,KAZ,1999,4.455529
Kazakhstan,KAZ,2000,6.022824
Kazakhstan,KAZ,2001,5.7042646
Kazakhstan,KAZ,2002,6.120414
Kazakhstan,KAZ,2003,5.382556
Kazakhstan,KAZ,2004,4.7320495
Kazakhstan,KAZ,2005,4.457741
Kazakhstan,KAZ,2006,4.067664
Kazakhstan,KAZ,2007,3.8324938
Kazakhstan,KAZ,2008,3.2989428
Kazakhstan,KAZ,2009,3.3763013
Kazakhstan,KAZ,2010,3.642986
Kazakhstan,KAZ,2011,3.1336143
Kazakhstan,KAZ,2012,2.8702004
Kazakhstan,KAZ,2013,2.8818953
Kazakhstan,KAZ,2014,2.9155889
Kazakhstan,KAZ,2015,4.0009217
Kazakhstan,KAZ,2016,4.511002
Kazakhstan,KAZ,2017,4.0515256
Kazakhstan,KAZ,2018,3.6561053
Kazakhstan,KAZ,2019,3.662659
Kazakhstan,KAZ,2020,4.258704
Kazakhstan,KAZ,2021,4.0059314
Kazakhstan,KAZ,2022,4.228879
Kazakhstan,KAZ,2023,4.5201697
Latvia,LVA,1985,8.286784
Latvia,LVA,1986,8.983882
Latvia,LVA,1987,12.136782
Latvia,LVA,1988,10.432146
Latvia,LVA,1989,12.539953
Latvia,LVA,1990,15.375505
Latvia,LVA,1991,12.153858
Latvia,LVA,1992,13.070239
Latvia,LVA,1993,17.300793
Latvia,LVA,1994,20.521252
Latvia,LVA,1995,19.48626
Latvia,LVA,1996,13.271263
Latvia,LVA,1997,20.91794
Latvia,LVA,1998,28.085598
Latvia,LVA,1999,21.138712
Latvia,LVA,2000,22.118181
Latvia,LVA,2001,20.512127
Latvia,LVA,2002,17.687971
Latvia,LVA,2003,16.751476
Latvia,LVA,2004,20.242414
Latvia,LVA,2005,20.919247
Latvia,LVA,2006,17.916225
Latvia,LVA,2007,17.48977
Latvia,LVA,2008,19.600128
Latvia,LVA,2009,22.801994
Latvia,LVA,2010,20.99727
Latvia,LVA,2011,19.912294
Latvia,LVA,2012,25.260374
Latvia,LVA,2013,22.860985
Latvia,LVA,2014,19.858122
Latvia,LVA,2015,19.562021
Latvia,LVA,2016,22.235506
Latvia,LVA,2017,30.942255
Latvia,LVA,2018,23.44276
Latvia,LVA,2019,20.844694
Latvia,LVA,2020,26.025894
Latvia,LVA,2021,25.3048
Latvia,LVA,2022,27.408604
Latvia,LVA,2023,31.915909
Lithuania,LTU,1985,0.6436672
Lithuania,LTU,1986,0.68190074
Lithuania,LTU,1987,0.6134985
Lithuania,LTU,1988,0.6201881
Lithuania,LTU,1989,0.57254976
Lithuania,LTU,1990,0.62437946
Lithuania,LTU,1991,0.4838643
Lithuania,LTU,1992,0.70010686
Lithuania,LTU,1993,1.1237099
Lithuania,LTU,1994,1.5000483
Lithuania,LTU,1995,1.1099585
Lithuania,LTU,1996,0.8900921
Lithuania,LTU,1997,0.86853534
Lithuania,LTU,1998,1.1434216
Lithuania,LTU,1999,1.388375
Lithuania,LTU,2000,1.2781199
Lithuania,LTU,2001,1.0654709
Lithuania,LTU,2002,1.0652573
Lithuania,LTU,2003,0.9441184
Lithuania,LTU,2004,1.2040868
Lithuania,LTU,2005,1.4377186
Lithuania,LTU,2006,1.641714
Lithuania,LTU,2007,2.2996328
Lithuania,LTU,2008,2.485153
Lithuania,LTU,2009,2.8316357
Lithuania,LTU,2010,4.697627
Lithuania,LTU,2011,5.3255224
Lithuania,LTU,2012,5.892642
Lithuania,LTU,2013,7.8772025
Lithuania,LTU,2014,8.20071
Lithuania,LTU,2015,8.635307
Lithuania,LTU,2016,9.8842945
Lithuania,LTU,2017,11.358492
Lithuania,LTU,2018,9.914701
Lithuania,LTU,2019,10.875838
Lithuania,LTU,2020,11.799221
Lithuania,LTU,2021,12.441872
Lithuania,LTU,2022,14.903523
Lithuania,LTU,2023,17.464674
Luxembourg,LUX,1965,0.61123115
Luxembourg,LUX,1966,0.57401025
Luxembourg,LUX,1967,0.6577615
Luxembourg,LUX,1968,0.621158
Luxembourg,LUX,1969,0.50225776
Luxembourg,LUX,1970,0.53466296
Luxembourg,LUX,1971,0.31431046
Luxembourg,LUX,1972,0.35941938
Luxembourg,LUX,1973,0.2993406
Luxembourg,LUX,1974,0.43540335
Luxembourg,LUX,1975,0.45285672
Luxembourg,LUX,1976,0.2848827
Luxembourg,LUX,1977,0.69326395
Luxembourg,LUX,1978,0.65441746
Luxembourg,LUX,1979,0.69214594
Luxembourg,LUX,1980,0.77743924
Luxembourg,LUX,1981,0.99061763
Luxembourg,LUX,1982,0.9594649
Luxembourg,LUX,1983,1.0039246
Luxembourg,LUX,1984,1.0007659
Luxembourg,LUX,1985,0.81546617
Luxembourg,LUX,1986,0.9784457
Luxembourg,LUX,1987,1.2274541
Luxembourg,LUX,1988,1.1297147
Luxembourg,LUX,1989,0.762681
Luxembourg,LUX,1990,0.66460145
Luxembourg,LUX,1991,0.7338108
Luxembourg,LUX,1992,0.6107495
Luxembourg,LUX,1993,0.6041136
Luxembourg,LUX,1994,0.77528113
Luxembourg,LUX,1995,0.9501822
Luxembourg,LUX,1996,0.6496766
Luxembourg,LUX,1997,0.90258384
Luxembourg,LUX,1998,1.294618
Luxembourg,LUX,1999,1.0463189
Luxembourg,LUX,2000,1.3703701
Luxembourg,LUX,2001,1.2522314
Luxembourg,LUX,2002,1.0301425
Luxembourg,LUX,2003,0.91741097
Luxembourg,LUX,2004,1.1120354
Luxembourg,LUX,2005,1.1679211
Luxembourg,LUX,2006,1.3908709
Luxembourg,LUX,2007,2.5581582
Luxembourg,LUX,2008,2.6651092
Luxembourg,LUX,2009,2.6304793
Luxembourg,LUX,2010,2.5002356
Luxembourg,LUX,2011,2.5544233
Luxembourg,LUX,2012,2.9861996
Luxembourg,LUX,2013,3.662436
Luxembourg,LUX,2014,4.3592978
Luxembourg,LUX,2015,5.030449
Luxembourg,LUX,2016,5.4342875
Luxembourg,LUX,2017,6.6963987
Luxembourg,LUX,2018,7.1412535
Luxembourg,LUX,2019,7.9173098
Luxembourg,LUX,2020,10.869298
Luxembourg,LUX,2021,10.174548
Luxembourg,LUX,2022,11.169679
Luxembourg,LUX,2023,11.749724
Malaysia,MYS,1970,8.029954
Malaysia,MYS,1971,6.2558084
Malaysia,MYS,1972,6.1961737
Malaysia,MYS,1973,5.646239
Malaysia,MYS,1974,5.05663
Malaysia,MYS,1975,4.8979263
Malaysia,MYS,1976,4.1376095
Malaysia,MYS,1977,2.8693047
Malaysia,MYS,1978,2.5391793
Malaysia,MYS,1979,2.6952229
Malaysia,MYS,1980,3.2901187
Malaysia,MYS,1981,3.5273147
Malaysia,MYS,1982,3.1702034
Malaysia,MYS,1983,3.213416
Malaysia,MYS,1984,5.8833213
Malaysia,MYS,1985,6.482968
Malaysia,MYS,1986,6.458532
Malaysia,MYS,1987,7.5484753
Malaysia,MYS,1988,8.279656
Malaysia,MYS,1989,6.8369017
Malaysia,MYS,1990,4.9409094
Malaysia,MYS,1991,4.358415
Malaysia,MYS,1992,3.7214782
Malaysia,MYS,1993,4.18968
Malaysia,MYS,1994,5.2703333
Malaysia,MYS,1995,4.6203046
Malaysia,MYS,1996,3.450362
Malaysia,MYS,1997,2.393924
Malaysia,MYS,1998,2.660114
Malaysia,MYS,1999,4.2179785
Malaysia,MYS,2000,3.6815305
Malaysia,MYS,2001,3.1404243
Malaysia,MYS,2002,2.5936084
Malaysia,MYS,2003,2.2531736
Malaysia,MYS,2004,2.3196447
Malaysia,MYS,2005,2.2862406
Malaysia,MYS,2006,2.3766863
Malaysia,MYS,2007,2.1808863
Malaysia,MYS,2008,2.6779194
Malaysia,MYS,2009,2.6289935
Malaysia,MYS,2010,2.3300166
Malaysia,MYS,2011,2.8877702
Malaysia,MYS,2012,3.0349357
Malaysia,MYS,2013,3.5195735
Malaysia,MYS,2014,3.8796122
Malaysia,MYS,2015,4.0509195
Malaysia,MYS,2016,5.2360177
Malaysia,MYS,2017,6.6614723
Malaysia,MYS,2018,6.67183
Malaysia,MYS,2019,6.7743883
Malaysia,MYS,2020,7.542022
Malaysia,MYS,2021,7.909985
Malaysia,MYS,2022,7.8370423
Malaysia,MYS,2023,7.88792
Mexico,MEX,1965,8.934724
Mexico,MEX,1966,9.63311
Mexico,MEX,1967,10.29133
Mexico,MEX,1968,10.842833
Mexico,MEX,1969,10.4753
Mexico,MEX,1970,10.981713
Mexico,MEX,1971,10.142723
Mexico,MEX,1972,9.780027
Mexico,MEX,1973,9.648298
Mexico,MEX,1974,9.094654
Mexico,MEX,1975,7.7844524
Mexico,MEX,1976,8.30845
Mexico,MEX,1977,8.738277
Mexico,MEX,1978,6.597964
Mexico,MEX,1979,6.7473707
Mexico,MEX,1980,5.803557
Mexico,MEX,1981,7.5373635
Mexico,MEX,1982,6.8430977
Mexico,MEX,1983,6.308686
Mexico,MEX,1984,6.831296
Mexico,MEX,1985,7.82051
Mexico,MEX,1986,6.596592
Mexico,MEX,1987,6.1185946
Mexico,MEX,1988,6.7846136
Mexico,MEX,1989,7.2933807
Mexico,MEX,1990,6.590639
Mexico,MEX,1991,6.1577377
Mexico,MEX,1992,7.0486536
Mexico,MEX,1993,7.037548
Mexico,MEX,1994,5.314392
Mexico,MEX,1995,6.955266
Mexico,MEX,1996,7.4756436
Mexico,MEX,1997,6.27008
Mexico,MEX,1998,5.741135
Mexico,MEX,1999,7.147567
Mexico,MEX,2000,6.909237
Mexico,MEX,2001,6.096993
Mexico,MEX,2002,5.278122
Mexico,MEX,2003,4.487341
Mexico,MEX,2004,5.093596
Mexico,MEX,2005,5.106224
Mexico,MEX,2006,5.299336
Mexico,MEX,2007,4.9202223
Mexico,MEX,2008,6.2076354
Mexico,MEX,2009,4.631896
Mexico,MEX,2010,6.1123457
Mexico,MEX,2011,5.743796
Mexico,MEX,2012,5.3235054
Mexico,MEX,2013,4.936131
Mexico,MEX,2014,6.612726
Mexico,MEX,2015,5.9951878
Mexico,MEX,2016,5.9304824
Mexico,MEX,2017,6.0061207
Mexico,MEX,2018,6.582444
Mexico,MEX,2019,6.9041133
Mexico,MEX,2020,9.102366
Mexico,MEX,2021,10.009288
Mexico,MEX,2022,9.688393
Mexico,MEX,2023,8.60977
Morocco,MAR,1965,20.195011
Morocco,MAR,1966,13.327539
Morocco,MAR,1967,11.18483
Morocco,MAR,1968,11.826925
Morocco,MAR,1969,13.944498
Morocco,MAR,1970,13.103196
Morocco,MAR,1971,13.923879
Morocco,MAR,1972,13.526379
Morocco,MAR,1973,9.094625
Morocco,MAR,1974,9.542439
Morocco,MAR,1975,7.134391
Morocco,MAR,1976,6.466088
Morocco,MAR,1977,7.88484
Morocco,MAR,1978,7.7057586
Morocco,MAR,1979,7.719043
Morocco,MAR,1980,7.3711247
Morocco,MAR,1981,5.1364617
Morocco,MAR,1982,2.7842176
Morocco,MAR,1983,2.2804005
Morocco,MAR,1984,1.7123275
Morocco,MAR,1985,2.2006679
Morocco,MAR,1986,2.8153405
Morocco,MAR,1987,3.5068126
Morocco,MAR,1988,3.7663102
Morocco,MAR,1989,4.231739
Morocco,MAR,1990,4.359246
Morocco,MAR,1991,4.3259
Morocco,MAR,1992,3.0396225
Morocco,MAR,1993,1.382297
Morocco,MAR,1994,2.3779473
Morocco,MAR,1995,1.7634826
Morocco,MAR,1996,5.4025164
Morocco,MAR,1997,5.5313864
Morocco,MAR,1998,4.6007285
Morocco,MAR,1999,2.0588021
Morocco,MAR,2000,1.9685844
Morocco,MAR,2001,2.4725895
Morocco,MAR,2002,2.324444
Morocco,MAR,2003,3.6562476
Morocco,MAR,2004,3.472617
Morocco,MAR,2005,2.0785131
Morocco,MAR,2006,2.0145028
Morocco,MAR,2007,2.0458596
Morocco,MAR,2008,1.8940095
Morocco,MAR,2009,4.7016606
Morocco,MAR,2010,5.875152
Morocco,MAR,2011,3.6347337
Morocco,MAR,2012,3.1035633
Morocco,MAR,2013,5.0947366
Morocco,MAR,2014,4.4455295
Morocco,MAR,2015,5.377317
Morocco,MAR,2016,5.5828094
Morocco,MAR,2017,5.275795
Morocco,MAR,2018,7.0946255
Morocco,MAR,2019,7.536463
Morocco,MAR,2020,7.5576315
Morocco,MAR,2021,7.5325413
Morocco,MAR,2022,6.983913
Morocco,MAR,2023,8.444775
Netherlands,NLD,1965,0
Netherlands,NLD,1966,0
Netherlands,NLD,1967,0
Netherlands,NLD,1968,0
Netherlands,NLD,1969,0
Netherlands,NLD,1970,0
Netherlands,NLD,1971,0
Netherlands,NLD,1972,0
Netherlands,NLD,1973,0
Netherlands,NLD,1974,0
Netherlands,NLD,1975,0.3115215
Netherlands,NLD,1976,0.31017715
Netherlands,NLD,1977,0.31403568
Netherlands,NLD,1978,0.42992026
Netherlands,NLD,1979,0.38009283
Netherlands,NLD,1980,0.37478045
Netherlands,NLD,1981,0.41875726
Netherlands,NLD,1982,0.11066413
Netherlands,NLD,1983,0.09600716
Netherlands,NLD,1984,0.0068058204
Netherlands,NLD,1985,0.17216216
Netherlands,NLD,1986,0.20577051
Netherlands,NLD,1987,0.2552429
Netherlands,NLD,1988,0.30741832
Netherlands,NLD,1989,0.34333685
Netherlands,NLD,1990,0.28062096
Netherlands,NLD,1991,0.31914797
Netherlands,NLD,1992,0.34000123
Netherlands,NLD,1993,0.3742888
Netherlands,NLD,1994,0.42665815
Netherlands,NLD,1995,0.45612139
Netherlands,NLD,1996,0.56391287
Netherlands,NLD,1997,0.63600326
Netherlands,NLD,1998,0.7268235
Netherlands,NLD,1999,0.79479086
Netherlands,NLD,2000,0.9258587
Netherlands,NLD,2001,0.98837644
Netherlands,NLD,2002,1.1863465
Netherlands,NLD,2003,1.1635092
Netherlands,NLD,2004,1.5031251
Netherlands,NLD,2005,2.0780501
Netherlands,NLD,2006,2.315084
Netherlands,NLD,2007,2.4174242
Netherlands,NLD,2008,2.913216
Netherlands,NLD,2009,3.4302776
Netherlands,NLD,2010,3.1363819
Netherlands,NLD,2011,3.6624486
Netherlands,NLD,2012,3.7893713
Netherlands,NLD,2013,3.7412922
Netherlands,NLD,2014,3.7868385
Netherlands,NLD,2015,4.1951375
Netherlands,NLD,2016,4.3173294
Netherlands,NLD,2017,5.008647
Netherlands,NLD,2018,5.737525
Netherlands,NLD,2019,6.986749
Netherlands,NLD,2020,10.121376
Netherlands,NLD,2021,11.943982
Netherlands,NLD,2022,15.030195
Netherlands,NLD,2023,17.788414
New Zealand,NZL,1970,38.82334
New Zealand,NZL,1971,41.630173
New Zealand,NZL,1972,41.191326
New Zealand,NZL,1973,39.168327
New Zealand,NZL,1974,40.95153
New Zealand,NZL,1975,43.82888
New Zealand,NZL,1976,39.66771
New Zealand,NZL,1977,36.97633
New Zealand,NZL,1978,39.497875
New Zealand,NZL,1979,44.850327
New Zealand,NZL,1980,46.991554
New Zealand,NZL,1981,47.48469
New Zealand,NZL,1982,43.100174
New Zealand,NZL,1983,44.462418
New Zealand,NZL,1984,43.45358
New Zealand,NZL,1985,41.613804
New Zealand,NZL,1986,42.98595
New Zealand,NZL,1987,42.211864
New Zealand,NZL,1988,42.28657
New Zealand,NZL,1989,41.45156
New Zealand,NZL,1990,41.426918
New Zealand,NZL,1991,40.412006
New Zealand,NZL,1992,37.46697
New Zealand,NZL,1993,40.20715
New Zealand,NZL,1994,41.244785
New Zealand,NZL,1995,42.02623
New Zealand,NZL,1996,39.501213
New Zealand,NZL,1997,35.65875
New Zealand,NZL,1998,38.80477
New Zealand,NZL,1999,35.58187
New Zealand,NZL,2000,36.38399
New Zealand,NZL,2001,32.670124
New Zealand,NZL,2002,35.151485
New Zealand,NZL,2003,34.32088
New Zealand,NZL,2004,38.005898
New Zealand,NZL,2005,34.67214
New Zealand,NZL,2006,34.872375
New Zealand,NZL,2007,35.475273
New Zealand,NZL,2008,34.49207
New Zealand,NZL,2009,37.96705
New Zealand,NZL,2010,38.80251
New Zealand,NZL,2011,39.607246
New Zealand,NZL,2012,36.96346
New Zealand,NZL,2013,36.980663
New Zealand,NZL,2014,37.562542
New Zealand,NZL,2015,38.143597
New Zealand,NZL,2016,38.860992
New Zealand,NZL,2017,37.031902
New Zealand,NZL,2018,38.040825
New Zealand,NZL,2019,36.802734
New Zealand,NZL,2020,39.0924
New Zealand,NZL,2021,40.126682
New Zealand,NZL,2022,43.18354
New Zealand,NZL,2023,42.266953
North Macedonia,MKD,1997,8.866941
North Macedonia,MKD,1998,9.439984
North Macedonia,MKD,1999,12.636176
North Macedonia,MKD,2000,11.215343
North Macedonia,MKD,2001,6.3362017
North Macedonia,MKD,2002,7.790694
North Macedonia,MKD,2003,12.461908
North Macedonia,MKD,2004,13.524395
North Macedonia,MKD,2005,13.111359
North Macedonia,MKD,2006,14.148089
North Macedonia,MKD,2007,8.686331
North Macedonia,MKD,2008,7.4698954
North Macedonia,MKD,2009,11.460457
North Macedonia,MKD,2010,19.919964
North Macedonia,MKD,2011,11.718409
North Macedonia,MKD,2012,9.136693
North Macedonia,MKD,2013,14.4492035
North Macedonia,MKD,2014,12.526905
North Macedonia,MKD,2015,18.581673
North Macedonia,MKD,2016,18.150696
North Macedonia,MKD,2017,11.816665
North Macedonia,MKD,2018,17.191957
North Macedonia,MKD,2019,11.507518
North Macedonia,MKD,2020,14.104891
North Macedonia,MKD,2021,15.087525
North Macedonia,MKD,2022,13.533761
North Macedonia,MKD,2023,16.805178
Norway,NOR,1977,64.26859
Norway,NOR,1978,64.17826
Norway,NOR,1979,65.86465
Norway,NOR,1980,65.25247
Norway,NOR,1981,68.59787
Norway,NOR,1982,69.16161
Norway,NOR,1983,71.88228
Norway,NOR,1984,71.13632
Norway,NOR,1985,69.52918
Norway,NOR,1986,66.9773
Norway,NOR,1987,68.43145
Norway,NOR,1988,69.97984
Norway,NOR,1989,71.44203
Norway,NOR,1990,72.811485
Norway,NOR,1991,71.46894
Norway,NOR,1992,72.294014
Norway,NOR,1993,72.03018
Norway,NOR,1994,69.63217
Norway,NOR,1995,70.73711
Norway,NOR,1996,65.946396
Norway,NOR,1997,66.40924
Norway,NOR,1998,67.28694
Norway,NOR,1999,68.50685
Norway,NOR,2000,72.06707
Norway,NOR,2001,68.34191
Norway,NOR,2002,69.676445
Norway,NOR,2003,64.09445
Norway,NOR,2004,64.82211
Norway,NOR,2005,70.054535
Norway,NOR,2006,67.06134
Norway,NOR,2007,68.991585
Norway,NOR,2008,70.4043
Norway,NOR,2009,68.66158
Norway,NOR,2010,65.90388
Norway,NOR,2011,66.96795
Norway,NOR,2012,70.38137
Norway,NOR,2013,68.14793
Norway,NOR,2014,69.13617
Norway,NOR,2015,68.88783
Norway,NOR,2016,70.25825
Norway,NOR,2017,70.08075
Norway,NOR,2018,69.32386
Norway,NOR,2019,67.99019
Norway,NOR,2020,72.0769
Norway,NOR,2021,72.32895
Norway,NOR,2022,70.73992
Norway,NOR,2023,72.0911
Pakistan,PAK,1965,7.8989325
Pakistan,PAK,1966,7.8401723
Pakistan,PAK,1967,8.392018
Pakistan,PAK,1968,8.885178
Pakistan,PAK,1969,9.32975
Pakistan,PAK,1970,8.390381
Pakistan,PAK,1971,11.718862
Pakistan,PAK,1972,13.253896
Pakistan,PAK,1973,13.087776
Pakistan,PAK,1974,12.144385
Pakistan,PAK,1975,13.310854
Pakistan,PAK,1976,14.231518
Pakistan,PAK,1977,15.620377
Pakistan,PAK,1978,18.110392
Pakistan,PAK,1979,17.961803
Pakistan,PAK,1980,16.982367
Pakistan,PAK,1981,16.494284
Pakistan,PAK,1982,16.829153
Pakistan,PAK,1983,18.234488
Pakistan,PAK,1984,17.859364
Pakistan,PAK,1985,17.652674
Pakistan,PAK,1986,15.925442
Pakistan,PAK,1987,18.666111
Pakistan,PAK,1988,18.419365
Pakistan,PAK,1989,17.649538
Pakistan,PAK,1990,16.537376
Pakistan,PAK,1991,16.70148
Pakistan,PAK,1992,17.344547
Pakistan,PAK,1993,17.234846
Pakistan,PAK,1994,16.347654
Pakistan,PAK,1995,16.378126
Pakistan,PAK,1996,16.762867
Pakistan,PAK,1997,12.898634
Pakistan,PAK,1998,15.707119
Pakistan,PAK,1999,13.423369
Pakistan,PAK,2000,11.344158
Pakistan,PAK,2001,11.415049
Pakistan,PAK,2002,12.188603
Pakistan,PAK,2003,13.333744
Pakistan,PAK,2004,12.676343
Pakistan,PAK,2005,13.59751
Pakistan,PAK,2006,12.633493
Pakistan,PAK,2007,12.365368
Pakistan,PAK,2008,10.553453
Pakistan,PAK,2009,10.887298
Pakistan,PAK,2010,11.174603
Pakistan,PAK,2011,11.411278
Pakistan,PAK,2012,4.3177714
Pakistan,PAK,2013,11.522534
Pakistan,PAK,2014,11.4964
Pakistan,PAK,2015,11.174581
Pakistan,PAK,2016,18.06002
Pakistan,PAK,2017,9.591863
Pakistan,PAK,2018,9.339477
Pakistan,PAK,2019,10.928219
Pakistan,PAK,2020,11.878904
Pakistan,PAK,2021,10.295108
Pakistan,PAK,2022,10.746907
Pakistan,PAK,2023,12.158016
Peru,PER,1965,14.111191
Peru,PER,1966,12.449849
Peru,PER,1967,13.701914
Peru,PER,1968,14.438607
Peru,PER,1969,15.602732
Peru,PER,1970,14.4538965
Peru,PER,1971,17.671724
Peru,PER,1972,20.367374
Peru,PER,1973,19.269955
Peru,PER,1974,18.357449
Peru,PER,1975,18.165419
Peru,PER,1976,18.74816
Peru,PER,1977,19.299877
Peru,PER,1978,19.762915
Peru,PER,1979,20.380562
Peru,PER,1980,19.653427
Peru,PER,1981,21.26738
Peru,PER,1982,22.379803
Peru,PER,1983,24.702398
Peru,PER,1984,25.10971
Peru,PER,1985,27.571493
Peru,PER,1986,27.36942
Peru,PER,1987,27.023897
Peru,PER,1988,26.669767
Peru,PER,1989,29.208479
Peru,PER,1990,29.3326
Peru,PER,1991,32.41311
Peru,PER,1992,28.13108
Peru,PER,1993,31.19632
Peru,PER,1994,31.000927
Peru,PER,1995,29.034714
Peru,PER,1996,28.98498
Peru,PER,1997,29.360386
Peru,PER,1998,29.655834
Peru,PER,1999,30.457071
Peru,PER,2000,32.80372
Peru,PER,2001,35.784416
Peru,PER,2002,35.718193
Peru,PER,2003,36.943634
Peru,PER,2004,32.471977
Peru,PER,2005,32.167603
Peru,PER,2006,34.89119
Peru,PER,2007,31.920078
Peru,PER,2008,28.833765
Peru,PER,2009,29.686222
Peru,PER,2010,26.664782
Peru,PER,2011,25.767502
Peru,PER,2012,25.90535
Peru,PER,2013,26.089096
Peru,PER,2014,25.83989
Peru,PER,2015,25.96086
Peru,PER,2016,24.635092
Peru,PER,2017,28.8025
Peru,PER,2018,29.431831
Peru,PER,2019,29.259867
Peru,PER,2020,32.38074
Peru,PER,2021,29.827547
Peru,PER,2022,26.950771
Peru,PER,2023,26.3495
Philippines,PHL,1994,15.584559
Philippines,PHL,1995,13.865187
Philippines,PHL,1996,14.195754
Philippines,PHL,1997,12.731897
Philippines,PHL,1998,13.421565
Philippines,PHL,1999,17.445616
Philippines,PHL,2000,18.21516
Philippines,PHL,2001,16.7215
Philippines,PHL,2002,16.281395
Philippines,PHL,2003,16.082535
Philippines,PHL,2004,16.661371
Philippines,PHL,2005,16.062689
Philippines,PHL,2006,18.680275
Philippines,PHL,2007,16.622225
Philippines,PHL,2008,17.630617
Philippines,PHL,2009,17.189404
Philippines,PHL,2010,14.867264
Philippines,PHL,2011,16.133564
Philippines,PHL,2012,16.406023
Philippines,PHL,2013,14.824674
Philippines,PHL,2014,14.025786
Philippines,PHL,2015,13.544878
Philippines,PHL,2016,13.032715
Philippines,PHL,2017,12.544034
Philippines,PHL,2018,12.185793
Philippines,PHL,2019,11.25281
Philippines,PHL,2020,11.994339
Philippines,PHL,2021,12.277111
Philippines,PHL,2022,12.353065
Philippines,PHL,2023,11.991215
Poland,POL,1965,0.35209695
Poland,POL,1966,0.35020763
Poland,POL,1967,0.3647668
Poland,POL,1968,0.35622162
Poland,POL,1969,0.28452122
Poland,POL,1970,0.5491499
Poland,POL,1971,0.48687243
Poland,POL,1972,0.4683993
Poland,POL,1973,0.45816857
Poland,POL,1974,0.620982
Poland,POL,1975,0.5374193
Poland,POL,1976,0.4238295
Poland,POL,1977,0.49482882
Poland,POL,1978,0.46934918
Poland,POL,1979,0.42775407
Poland,POL,1980,0.5173495
Poland,POL,1981,0.5322904
Poland,POL,1982,0.39483663
Poland,POL,1983,0.44284835
Poland,POL,1984,0.3671588
Poland,POL,1985,0.4598646
Poland,POL,1986,0.38169914
Poland,POL,1987,0.3551029
Poland,POL,1988,0.36688256
Poland,POL,1989,0.34613898
Poland,POL,1990,0.36069712
Poland,POL,1991,0.37821314
Poland,POL,1992,0.42480853
Poland,POL,1993,0.40594903
Poland,POL,1994,0.4881243
Poland,POL,1995,0.52282447
Poland,POL,1996,0.5270424
Poland,POL,1997,0.55044067
Poland,POL,1998,0.6830108
Poland,POL,1999,0.6465405
Poland,POL,2000,0.6828024
Poland,POL,2001,0.820305
Poland,POL,2002,0.81965923
Poland,POL,2003,0.67546785
Poland,POL,2004,0.89124244
Poland,POL,2005,1.1357024
Poland,POL,2006,1.2500061
Poland,POL,2007,1.5729033
Poland,POL,2008,2.2196026
Poland,POL,2009,3.006513
Poland,POL,2010,3.4803138
Poland,POL,2011,4.07828
Poland,POL,2012,5.280956
Poland,POL,2013,5.21915
Poland,POL,2014,6.1203933
Poland,POL,2015,6.6168427
Poland,POL,2016,6.1215067
Poland,POL,2017,6.178931
Poland,POL,2018,5.8390436
Poland,POL,2019,6.975435
Poland,POL,2020,7.9619446
Poland,POL,2021,7.9004536
Poland,POL,2022,9.753634
Poland,POL,2023,12.153621
Portugal,PRT,1996,18.589867
Portugal,PRT,1997,16.506464
Portugal,PRT,1998,15.056531
Portugal,PRT,1999,9.0626745
Portugal,PRT,2000,13.041931
Portugal,PRT,2001,15.588595
Portugal,PRT,2002,9.700443
Portugal,PRT,2003,16.955765
Portugal,PRT,2004,12.039919
Portugal,PRT,2005,8.080094
Portugal,PRT,2006,15.515364
Portugal,PRT,2007,16.120733
Portugal,PRT,2008,15.212746
Portugal,PRT,2009,18.914309
Portugal,PRT,2010,27.481777
Portugal,PRT,2011,24.613186
Portugal,PRT,2012,21.803562
Portugal,PRT,2013,29.319233
Portugal,PRT,2014,30.905666
Portugal,PRT,2015,24.606659
Portugal,PRT,2016,29.398247
Portugal,PRT,2017,21.441797
Portugal,PRT,2018,26.868528
Portugal,PRT,2019,26.366737
Portugal,PRT,2020,31.739735
Portugal,PRT,2021,33.30672
Portugal,PRT,2022,29.567095
Portugal,PRT,2023,36.04341
Romania,ROU,1965,1.0662187
Romania,ROU,1966,1.0295304
Romania,ROU,1967,1.3156693
Romania,ROU,1968,1.3085219
Romania,ROU,1969,1.6154395
Romania,ROU,1970,1.8980381
Romania,ROU,1971,2.8985322
Romania,ROU,1972,4.4929147
Romania,ROU,1973,4.244083
Romania,ROU,1974,4.733459
Romania,ROU,1975,4.793049
Romania,ROU,1976,3.851948
Romania,ROU,1977,4.187206
Romania,ROU,1978,4.4158015
Romania,ROU,1979,4.625903
Romania,ROU,1980,5.1059155
Romania,ROU,1981,5.1341105
Romania,ROU,1982,4.8196645
Romania,ROU,1983,4.1099563
Romania,ROU,1984,4.670981
Romania,ROU,1985,5.2583566
Romania,ROU,1986,4.3782783
Romania,ROU,1987,4.377777
Romania,ROU,1988,5.6659927
Romania,ROU,1989,5.2358437
Romania,ROU,1990,4.590245
Romania,ROU,1991,6.907993
Romania,ROU,1992,6.2837853
Romania,ROU,1993,7.054651
Romania,ROU,1994,7.641243
Romania,ROU,1995,8.897041
Romania,ROU,1996,8.448901
Romania,ROU,1997,9.899969
Romania,ROU,1998,11.66559
Romania,ROU,1999,12.841183
Romania,ROU,2000,10.396162
Romania,ROU,2001,10.312889
Romania,ROU,2002,10.6151085
Romania,ROU,2003,8.716783
Romania,ROU,2004,10.400996
Romania,ROU,2005,12.57037
Romania,ROU,2006,11.17296
Romania,ROU,2007,10.141548
Romania,ROU,2008,10.890498
Romania,ROU,2009,11.198948
Romania,ROU,2010,14.56034
Romania,ROU,2011,11.572445
Romania,ROU,2012,10.943061
Romania,ROU,2013,15.251155
Romania,ROU,2014,18.369642
Romania,ROU,2015,19.063501
Romania,ROU,2016,19.769327
Romania,ROU,2017,17.551455
Romania,ROU,2018,18.607594
Romania,ROU,2019,18.112833
Romania,ROU,2020,18.934402
Romania,ROU,2021,18.965462
Romania,ROU,2022,18.557348
Romania,ROU,2023,21.853575
Russia,RUS,1985,4.942973
Russia,RUS,1986,4.9969373
Russia,RUS,1987,4.785533
Russia,RUS,1988,4.6569443
Russia,RUS,1989,4.6052628
Russia,RUS,1990,4.8983045
Russia,RUS,1991,5.0031915
Russia,RUS,1992,5.33678
Russia,RUS,1993,5.7802973
Russia,RUS,1994,6.3942966
Russia,RUS,1995,6.7691536
Russia,RUS,1996,6.157421
Russia,RUS,1997,6.6424475
Russia,RUS,1998,6.6997995
Russia,RUS,1999,6.699299
Russia,RUS,2000,6.7286224
Russia,RUS,2001,6.9759703
Russia,RUS,2002,6.4927287
Russia,RUS,2003,6.075377
Russia,RUS,2004,6.7542715
Russia,RUS,2005,6.60369
Russia,RUS,2006,6.309633
Russia,RUS,2007,6.371351
Russia,RUS,2008,5.8674455
Russia,RUS,2009,6.4854555
Russia,RUS,2010,5.9321156
Russia,RUS,2011,5.585331
Russia,RUS,2012,5.530701
Russia,RUS,2013,6.162879
Russia,RUS,2014,5.856428
Russia,RUS,2015,5.736873
Russia,RUS,2016,6.1516156
Russia,RUS,2017,6.105612
Russia,RUS,2018,6.037737
Russia,RUS,2019,6.198256
Russia,RUS,2020,7.0554256
Russia,RUS,2021,6.949851
Russia,RUS,2022,6.2413483
Russia,RUS,2023,6.3073745
Saudi Arabia,SAU,1965,0
Saudi Arabia,SAU,1966,0
Saudi Arabia,SAU,1967,0
Saudi Arabia,SAU,1968,0
Saudi Arabia,SAU,1969,0
Saudi Arabia,SAU,1970,0
Saudi Arabia,SAU,1971,0
Saudi Arabia,SAU,1972,0
Saudi Arabia,SAU,1973,0
Saudi Arabia,SAU,1974,0
Saudi Arabia,SAU,1975,0
Saudi Arabia,SAU,1976,0
Saudi Arabia,SAU,1977,0
Saudi Arabia,SAU,1978,0
Saudi Arabia,SAU,1979,0
Saudi Arabia,SAU,1980,0
Saudi Arabia,SAU,1981,0
Saudi Arabia,SAU,1982,0
Saudi Arabia,SAU,1983,0
Saudi Arabia,SAU,1984,0
Saudi Arabia,SAU,1985,0
Saudi Arabia,SAU,1986,0
Saudi Arabia,SAU,1987,0
Saudi Arabia,SAU,1988,0
Saudi Arabia,SAU,1989,0
Saudi Arabia,SAU,1990,0
Saudi Arabia,SAU,1991,0
Saudi Arabia,SAU,1992,0
Saudi Arabia,SAU,1993,0
Saudi Arabia,SAU,1994,0
Saudi Arabia,SAU,1995,0
Saudi Arabia,SAU,1996,0
Saudi Arabia,SAU,1997,0
Saudi Arabia,SAU,1998,0
Saudi Arabia,SAU,1999,0
Saudi Arabia,SAU,2000,0
Saudi Arabia,SAU,2001,0
Saudi Arabia,SAU,2002,0
Saudi Arabia,SAU,2003,0
Saudi Arabia,SAU,2004,0
Saudi Arabia,SAU,2005,0
Saudi Arabia,SAU,2006,0
Saudi Arabia,SAU,2007,0
Saudi Arabia,SAU,2008,0.000080401885
Saudi Arabia,SAU,2009,0.00007712719
Saudi Arabia,SAU,2010,0.000463029
Saudi Arabia,SAU,2011,0.0005816572
Saudi Arabia,SAU,2012,0.0025898875
Saudi Arabia,SAU,2013,0.00423848
Saudi Arabia,SAU,2014,0.004239704
Saudi Arabia,SAU,2015,0.0040422482
Saudi Arabia,SAU,2016,0.0038626192
Saudi Arabia,SAU,2017,0.005842626
Saudi Arabia,SAU,2018,0.014015297
Saudi Arabia,SAU,2019,0.01887056
Saudi Arabia,SAU,2020,0.019380186
Saudi Arabia,SAU,2021,0.07336859
Saudi Arabia,SAU,2022,0.18877396
Saudi Arabia,SAU,2023,0.46517056
Singapore,SGP,1992,0.26192993
Singapore,SGP,1993,0.23974904
Singapore,SGP,1994,0.20962867
Singapore,SGP,1995,0.20108198
Singapore,SGP,1996,0.1992702
Singapore,SGP,1997,0.18945949
Singapore,SGP,1998,0.1868752
Singapore,SGP,1999,0.1887619
Slovakia,SVK,1965,6.1526546
Slovakia,SVK,1966,5.695992
Slovakia,SVK,1967,4.855119
Slovakia,SVK,1968,4.0370173
Slovakia,SVK,1969,3.0090575
Slovakia,SVK,1970,4.1029906
Slovakia,SVK,1971,2.8729024
Slovakia,SVK,1972,2.8613744
Slovakia,SVK,1973,2.351841
Slovakia,SVK,1974,3.7575521
Slovakia,SVK,1975,3.2334025
Slovakia,SVK,1976,3.1432192
Slovakia,SVK,1977,3.5666406
Slovakia,SVK,1978,3.189221
Slovakia,SVK,1979,2.585242
Slovakia,SVK,1980,3.0467434
Slovakia,SVK,1981,2.6747828
Slovakia,SVK,1982,2.3736455
Slovakia,SVK,1983,2.5121584
Slovakia,SVK,1984,1.9794104
Slovakia,SVK,1985,2.611933
Slovakia,SVK,1986,2.0846355
Slovakia,SVK,1987,2.3514032
Slovakia,SVK,1988,2.125359
Slovakia,SVK,1989,2.34242
Slovakia,SVK,1990,2.2383957
Slovakia,SVK,1991,1.8738333
Slovakia,SVK,1992,2.679717
Slovakia,SVK,1993,4.882404
Slovakia,SVK,1994,6.225819
Slovakia,SVK,1995,6.879693
Slovakia,SVK,1996,5.9181104
Slovakia,SVK,1997,5.796413
Slovakia,SVK,1998,6.022059
Slovakia,SVK,1999,6.261234
Slovakia,SVK,2000,6.252774
Slovakia,SVK,2001,6.815716
Slovakia,SVK,2002,7.0188084
Slovakia,SVK,2003,4.7456207
Slovakia,SVK,2004,5.5366516
Slovakia,SVK,2005,5.972091
Slovakia,SVK,2006,6.4822927
Slovakia,SVK,2007,7.1685276
Slovakia,SVK,2008,6.5313497
Slovakia,SVK,2009,7.7517376
Slovakia,SVK,2010,8.702348
Slovakia,SVK,2011,7.831032
Slovakia,SVK,2012,8.70284
Slovakia,SVK,2013,9.72592
Slovakia,SVK,2014,10.567541
Slovakia,SVK,2015,10.290093
Slovakia,SVK,2016,10.975567
Slovakia,SVK,2017,10.268712
Slovakia,SVK,2018,9.377256
Slovakia,SVK,2019,10.941603
Slovakia,SVK,2020,11.446592
Slovakia,SVK,2021,10.579658
Slovakia,SVK,2022,10.010985
Slovakia,SVK,2023,11.760023
Slovenia,SVN,1990,12.717572
Slovenia,SVN,1991,15.401305
Slovenia,SVN,1992,15.633247
Slovenia,SVN,1993,13.4745865
Slovenia,SVN,1994,14.181858
Slovenia,SVN,1995,12.933575
Slovenia,SVN,1996,13.901845
Slovenia,SVN,1997,11.4578705
Slovenia,SVN,1998,12.754673
Slovenia,SVN,1999,14.103076
Slovenia,SVN,2000,14.733458
Slovenia,SVN,2001,13.841273
Slovenia,SVN,2002,12.2197
Slovenia,SVN,2003,11.173246
Slovenia,SVN,2004,14.313093
Slovenia,SVN,2005,12.02858
Slovenia,SVN,2006,12.332751
Slovenia,SVN,2007,11.394596
Slovenia,SVN,2008,13.356625
Slovenia,SVN,2009,16.37066
Slovenia,SVN,2010,15.943668
Slovenia,SVN,2011,13.359873
Slovenia,SVN,2012,15.410497
Slovenia,SVN,2013,18.234604
Slovenia,SVN,2014,22.357998
Slovenia,SVN,2015,16.322464
Slovenia,SVN,2016,17.403463
Slovenia,SVN,2017,15.219537
Slovenia,SVN,2018,18.022463
Slovenia,SVN,2019,18.17371
Slovenia,SVN,2020,20.58059
Slovenia,SVN,2021,20.394213
Slovenia,SVN,2022,16.556498
Slovenia,SVN,2023,24.549088
South Africa,ZAF,1965,0.030886449
South Africa,ZAF,1966,0.029866165
South Africa,ZAF,1967,0.020714175
South Africa,ZAF,1968,0.018117523
South Africa,ZAF,1969,0.015396576
South Africa,ZAF,1970,0.017539408
South Africa,ZAF,1971,0.07294351
South Africa,ZAF,1972,0.52579415
South Africa,ZAF,1973,0.577211
South Africa,ZAF,1974,0.6448366
South Africa,ZAF,1975,0.59844273
South Africa,ZAF,1976,0.96040404
South Africa,ZAF,1977,0.9714049
South Africa,ZAF,1978,0.96227163
South Africa,ZAF,1979,0.5590492
South Africa,ZAF,1980,0.45417184
South Africa,ZAF,1981,0.65005094
South Africa,ZAF,1982,0.37149048
South Africa,ZAF,1983,0.21470517
South Africa,ZAF,1984,0.18491054
South Africa,ZAF,1985,0.20175484
South Africa,ZAF,1986,0.5151001
South Africa,ZAF,1987,0.505198
South Africa,ZAF,1988,0.89705485
South Africa,ZAF,1989,0.81933874
South Africa,ZAF,1990,0.2900504
South Africa,ZAF,1991,0.5727414
South Africa,ZAF,1992,0.21651152
South Africa,ZAF,1993,0.04210848
South Africa,ZAF,1994,0.29699612
South Africa,ZAF,1995,0.13997532
South Africa,ZAF,1996,0.35900468
South Africa,ZAF,1997,0.5707284
South Africa,ZAF,1998,0.47630352
South Africa,ZAF,1999,0.23447943
South Africa,ZAF,2000,0.40555847
South Africa,ZAF,2001,0.5403346
South Africa,ZAF,2002,0.6958178
South Africa,ZAF,2003,0.34200898
South Africa,ZAF,2004,0.340497
South Africa,ZAF,2005,0.40440947
South Africa,ZAF,2006,0.73137957
South Africa,ZAF,2007,0.7601123
South Africa,ZAF,2008,0.3902271
South Africa,ZAF,2009,0.40872985
South Africa,ZAF,2010,0.32559687
South Africa,ZAF,2011,0.73007625
South Africa,ZAF,2012,0.3535202
South Africa,ZAF,2013,0.40839744
South Africa,ZAF,2014,0.8483203
South Africa,ZAF,2015,1.3551667
South Africa,ZAF,2016,1.5691502
South Africa,ZAF,2017,2.2865977
South Africa,ZAF,2018,2.4042408
South Africa,ZAF,2019,2.3171031
South Africa,ZAF,2020,2.7063918
South Africa,ZAF,2021,3.4062326
South Africa,ZAF,2022,3.808293
South Africa,ZAF,2023,3.9379861
South Korea,KOR,1986,1.3128163
South Korea,KOR,1987,1.5100771
South Korea,KOR,1988,0.677997
South Korea,KOR,1989,0.9301871
South Korea,KOR,1990,1.2995178
South Korea,KOR,1991,0.85526127
South Korea,KOR,1992,0.67404026
South Korea,KOR,1993,0.83896816
South Korea,KOR,1994,0.43198675
South Korea,KOR,1995,0.51026386
South Korea,KOR,1996,0.43619755
South Korea,KOR,1997,0.40268743
South Korea,KOR,1998,0.66056716
South Korea,KOR,1999,0.5941213
South Korea,KOR,2000,0.54236543
South Korea,KOR,2001,0.31239682
South Korea,KOR,2002,0.4188234
South Korea,KOR,2003,0.5987888
South Korea,KOR,2004,0.5348952
South Korea,KOR,2005,0.45388284
South Korea,KOR,2006,0.45052037
South Korea,KOR,2007,0.50456274
South Korea,KOR,2008,0.52959335
South Korea,KOR,2009,0.5703038
South Korea,KOR,2010,0.66277707
South Korea,KOR,2011,0.7799186
South Korea,KOR,2012,0.85641724
South Korea,KOR,2013,1.1068002
South Korea,KOR,2014,1.3296236
South Korea,KOR,2015,1.5059777
South Korea,KOR,2016,1.697326
South Korea,KOR,2017,2.0170283
South Korea,KOR,2018,2.5112455
South Korea,KOR,2019,2.9624653
South Korea,KOR,2020,3.6470644
South Korea,KOR,2021,4.069307
South Korea,KOR,2022,4.6026564
South Korea,KOR,2023,4.7778306
Spain,ESP,1969,18.46006
Spain,ESP,1970,15.55932
Spain,ESP,1971,16.187815
Spain,ESP,1972,16.69035
Spain,ESP,1973,12.429852
Spain,ESP,1974,12.622828
Spain,ESP,1975,10.509173
Spain,ESP,1976,7.937402
Spain,ESP,1977,14.476511
Spain,ESP,1978,14.644488
Spain,ESP,1979,15.632555
Spain,ESP,1980,9.981172
Spain,ESP,1981,7.4071198
Spain,ESP,1982,8.885109
Spain,ESP,1983,8.936359
Spain,ESP,1984,10.203864
Spain,ESP,1985,10.242602
Spain,ESP,1986,8.501705
Spain,ESP,1987,8.477232
Spain,ESP,1988,10.430665
Spain,ESP,1989,5.5330205
Spain,ESP,1990,7.1988688
Spain,ESP,1991,7.4529076
Spain,ESP,1992,5.013249
Spain,ESP,1993,6.625087
Spain,ESP,1994,7.3138185
Spain,ESP,1995,5.938282
Spain,ESP,1996,9.653097
Spain,ESP,1997,8.328886
Spain,ESP,1998,7.947616
Spain,ESP,1999,5.6374245
Spain,ESP,2000,6.9646425
Spain,ESP,2001,9.178006
Spain,ESP,2002,6.3488426
Spain,ESP,2003,9.698218
Spain,ESP,2004,8.444597
Spain,ESP,2005,6.800817
Spain,ESP,2006,8.364842
Spain,ESP,2007,9.3278475
Spain,ESP,2008,10.477875
Spain,ESP,2009,13.524963
Spain,ESP,2010,17.252142
Spain,ESP,2011,16.013664
Spain,ESP,2012,16.591034
Spain,ESP,2013,20.175394
Spain,ESP,2014,20.319185
Spain,ESP,2015,17.742815
Spain,ESP,2016,18.941141
Spain,ESP,2017,16.00793
Spain,ESP,2018,18.693235
Spain,ESP,2019,17.812366
Spain,ESP,2020,22.833883
Spain,ESP,2021,23.206352
Spain,ESP,2022,21.746628
Spain,ESP,2023,24.918743
Sweden,SWE,1985,31.184616
Sweden,SWE,1986,26.016823
Sweden,SWE,1987,31.165657
Sweden,SWE,1988,31.078041
Sweden,SWE,1989,32.67113
Sweden,SWE,1990,34.2481
Sweden,SWE,1991,30.05637
Sweden,SWE,1992,34.67141
Sweden,SWE,1993,35.202854
Sweden,SWE,1994,28.023264
Sweden,SWE,1995,31.378864
Sweden,SWE,1996,24.635288
Sweden,SWE,1997,31.72828
Sweden,SWE,1998,32.71404
Sweden,SWE,1999,32.12323
Sweden,SWE,2000,37.866596
Sweden,SWE,2001,35.34507
Sweden,SWE,2002,32.206024
Sweden,SWE,2003,28.300158
Sweden,SWE,2004,30.319536
Sweden,SWE,2005,35.004883
Sweden,SWE,2006,32.864414
Sweden,SWE,2007,35.20214
Sweden,SWE,2008,37.133144
Sweden,SWE,2009,39.755516
Sweden,SWE,2010,38.4675
Sweden,SWE,2011,39.769398
Sweden,SWE,2012,43.459965
Sweden,SWE,2013,39.280052
Sweden,SWE,2014,40.778534
Sweden,SWE,2015,46.67754
Sweden,SWE,2016,41.982113
Sweden,SWE,2017,42.70394
Sweden,SWE,2018,42.643585
Sweden,SWE,2019,44.814293
Sweden,SWE,2020,52.19571
Sweden,SWE,2021,51.12024
Sweden,SWE,2022,53.49401
Sweden,SWE,2023,53.890182
Switzerland,CHE,1968,39.6735
Switzerland,CHE,1969,36.701298
Switzerland,CHE,1970,34.634697
Switzerland,CHE,1971,33.697243
Switzerland,CHE,1972,28.542727
Switzerland,CHE,1973,28.314793
Switzerland,CHE,1974,31.026619
Switzerland,CHE,1975,34.594242
Switzerland,CHE,1976,29.04813
Switzerland,CHE,1977,35.28424
Switzerland,CHE,1978,32.514015
Switzerland,CHE,1979,30.90444
Switzerland,CHE,1980,32.37267
Switzerland,CHE,1981,34.29216
Switzerland,CHE,1982,35.782173
Switzerland,CHE,1983,33.554874
Switzerland,CHE,1984,29.559746
Switzerland,CHE,1985,29.632399
Switzerland,CHE,1986,29.059496
Switzerland,CHE,1987,30.830393
Switzerland,CHE,1988,31.572079
Switzerland,CHE,1989,28.203419
Switzerland,CHE,1990,26.992222
Switzerland,CHE,1991,28.26373
Switzerland,CHE,1992,28.394741
Switzerland,CHE,1993,31.083033
Switzerland,CHE,1994,32.318325
Switzerland,CHE,1995,30.77135
Switzerland,CHE,1996,26.179207
Switzerland,CHE,1997,28.932562
Switzerland,CHE,1998,28.326654
Switzerland,CHE,1999,32.331287
Switzerland,CHE,2000,30.638754
Switzerland,CHE,2001,31.92899
Switzerland,CHE,2002,29.157335
Switzerland,CHE,2003,28.98333
Switzerland,CHE,2004,28.126806
Switzerland,CHE,2005,27.23591
Switzerland,CHE,2006,26.256657
Switzerland,CHE,2007,29.21831
Switzerland,CHE,2008,29.095587
Switzerland,CHE,2009,29.297272
Switzerland,CHE,2010,29.107452
Switzerland,CHE,2011,28.232935
Switzerland,CHE,2012,31.610807
Switzerland,CHE,2013,31.100544
Switzerland,CHE,2014,32.28236
Switzerland,CHE,2015,33.313087
Switzerland,CHE,2016,32.569138
Switzerland,CHE,2017,32.465992
Switzerland,CHE,2018,32.574883
Switzerland,CHE,2019,33.7412
Switzerland,CHE,2020,36.92606
Switzerland,CHE,2021,37.471905
Switzerland,CHE,2022,33.011185
Switzerland,CHE,2023,38.325344
Taiwan,TWN,1965,10.868428
Taiwan,TWN,1966,10.4390545
Taiwan,TWN,1967,9.467523
Taiwan,TWN,1968,12.089816
Taiwan,TWN,1969,9.123023
Taiwan,TWN,1970,7.867682
Taiwan,TWN,1971,6.7593374
Taiwan,TWN,1972,7.442085
Taiwan,TWN,1973,5.9530554
Taiwan,TWN,1974,8.604859
Taiwan,TWN,1975,8.733823
Taiwan,TWN,1976,5.838051
Taiwan,TWN,1977,4.998222
Taiwan,TWN,1978,5.2226787
Taiwan,TWN,1979,4.524598
Taiwan,TWN,1980,2.7495987
Taiwan,TWN,1981,4.8077273
Taiwan,TWN,1982,4.304236
Taiwan,TWN,1983,4.0560927
Taiwan,TWN,1984,3.4182067
Taiwan,TWN,1985,4.4680967
Taiwan,TWN,1986,4.1947074
Taiwan,TWN,1987,3.4817696
Taiwan,TWN,1988,2.6748216
Taiwan,TWN,1989,2.736456
Taiwan,TWN,1990,3.345187
Taiwan,TWN,1991,1.9716797
Taiwan,TWN,1992,3.0831385
Taiwan,TWN,1993,1.8578914
Taiwan,TWN,1994,2.1436455
Taiwan,TWN,1995,1.9853132
Taiwan,TWN,1996,1.9055545
Taiwan,TWN,1997,1.9934552
Taiwan,TWN,1998,2.2215405
Taiwan,TWN,1999,1.817042
Taiwan,TWN,2000,1.6483757
Taiwan,TWN,2001,1.8225925
Taiwan,TWN,2002,1.2102954
Taiwan,TWN,2003,1.2684549
Taiwan,TWN,2004,1.2759916
Taiwan,TWN,2005,1.47551
Taiwan,TWN,2006,1.4780668
Taiwan,TWN,2007,1.6003758
Taiwan,TWN,2008,1.5864115
Taiwan,TWN,2009,1.537331
Taiwan,TWN,2010,1.6071767
Taiwan,TWN,2011,1.6819066
Taiwan,TWN,2012,2.0682995
Taiwan,TWN,2013,2.0622258
Taiwan,TWN,2014,1.7704613
Taiwan,TWN,2015,1.8474195
Taiwan,TWN,2016,2.2776983
Taiwan,TWN,2017,2.1995304
Taiwan,TWN,2018,2.197746
Taiwan,TWN,2019,2.7456474
Taiwan,TWN,2020,2.810497
Taiwan,TWN,2021,3.0803084
Taiwan,TWN,2022,4.450351
Taiwan,TWN,2023,5.256892
Thailand,THA,1981,6.015194
Thailand,THA,1982,7.5709677
Thailand,THA,1983,6.5891347
Thailand,THA,1984,6.626251
Thailand,THA,1985,5.7355323
Thailand,THA,1986,8.078776
Thailand,THA,1987,5.196648
Thailand,THA,1988,4.263988
Thailand,THA,1989,5.438049
Thailand,THA,1990,4.116739
Thailand,THA,1991,3.436168
Thailand,THA,1992,2.8941948
Thailand,THA,1993,2.2228856
Thailand,THA,1994,2.4196477
Thailand,THA,1995,3.2436836
Thailand,THA,1996,3.160441
Thailand,THA,1997,2.977457
Thailand,THA,1998,2.3754423
Thailand,THA,1999,1.609163
Thailand,THA,2000,2.5755086
Thailand,THA,2001,2.5723314
Thailand,THA,2002,2.8190806
Thailand,THA,2003,2.7241347
Thailand,THA,2004,2.31644
Thailand,THA,2005,2.2147255
Thailand,THA,2006,2.8646533
Thailand,THA,2007,2.9673934
Thailand,THA,2008,2.983218
Thailand,THA,2009,3.0957634
Thailand,THA,2010,2.8453703
Thailand,THA,2011,3.5703893
Thailand,THA,2012,3.914373
Thailand,THA,2013,3.9144244
Thailand,THA,2014,4.358339
Thailand,THA,2015,4.308386
Thailand,THA,2016,4.739767
Thailand,THA,2017,5.4690447
Thailand,THA,2018,6.566889
Thailand,THA,2019,7.1565943
Thailand,THA,2020,7.181275
Thailand,THA,2021,7.2292643
Thailand,THA,2022,7.4562526
Thailand,THA,2023,7.842765
Turkey,TUR,1982,12.745108
Turkey,TUR,1983,9.873128
Turkey,TUR,1984,11.116493
Turkey,TUR,1985,9.229306
Turkey,TUR,1986,8.374288
Turkey,TUR,1987,11.513276
Turkey,TUR,1988,16.268532
Turkey,TUR,1989,10.282754
Turkey,TUR,1990,12.234772
Turkey,TUR,1991,11.764814
Turkey,TUR,1992,13.090732
Turkey,TUR,1993,15.382831
Turkey,TUR,1994,14.315046
Turkey,TUR,1995,14.934052
Turkey,TUR,1996,15.553352
Turkey,TUR,1997,14.675053
Turkey,TUR,1998,15.155853
Turkey,TUR,1999,12.764666
Turkey,TUR,2000,10.6712265
Turkey,TUR,2001,9.121996
Turkey,TUR,2002,11.541792
Turkey,TUR,2003,11.340968
Turkey,TUR,2004,13.70488
Turkey,TUR,2005,11.425879
Turkey,TUR,2006,11.485484
Turkey,TUR,2007,8.79651
Turkey,TUR,2008,8.238272
Turkey,TUR,2009,8.941267
Turkey,TUR,2010,12.350974
Turkey,TUR,2011,12.007149
Turkey,TUR,2012,12.655518
Turkey,TUR,2013,13.686602
Turkey,TUR,2014,9.931703
Turkey,TUR,2015,14.269203
Turkey,TUR,2016,14.563656
Turkey,TUR,2017,13.09042
Turkey,TUR,2018,14.5953
Turkey,TUR,2019,19.008345
Turkey,TUR,2020,18.64845
Turkey,TUR,2021,16.09926
Turkey,TUR,2022,18.482664
Turkey,TUR,2023,18.701162
Ukraine,UKR,1985,1.1391944
Ukraine,UKR,1986,1.1281002
Ukraine,UKR,1987,0.994602
Ukraine,UKR,1988,1.2357122
Ukraine,UKR,1989,1.0963215
Ukraine,UKR,1990,0.9731685
Ukraine,UKR,1991,1.1563051
Ukraine,UKR,1992,0.92114043
Ukraine,UKR,1993,1.4715108
Ukraine,UKR,1994,1.8900635
Ukraine,UKR,1995,1.5910708
Ukraine,UKR,1996,1.4804908
Ukraine,UKR,1997,1.7526176
Ukraine,UKR,1998,2.9008694
Ukraine,UKR,1999,2.680325
Ukraine,UKR,2000,2.1038003
Ukraine,UKR,2001,2.264666
Ukraine,UKR,2002,1.8132339
Ukraine,UKR,2003,1.6885976
Ukraine,UKR,2004,2.1416073
Ukraine,UKR,2005,2.2117321
Ukraine,UKR,2006,2.263283
Ukraine,UKR,2007,1.8360311
Ukraine,UKR,2008,2.1330001
Ukraine,UKR,2009,2.5476246
Ukraine,UKR,2010,2.6100597
Ukraine,UKR,2011,2.0985289
Ukraine,UKR,2012,2.1388652
Ukraine,UKR,2013,3.0470593
Ukraine,UKR,2014,2.3241148
Ukraine,UKR,2015,1.9526479
Ukraine,UKR,2016,2.4077792
Ukraine,UKR,2017,3.02883
Ukraine,UKR,2018,3.4624233
Ukraine,UKR,2019,3.39375
Ukraine,UKR,2020,4.9567018
Ukraine,UKR,2021,6.1698413
Ukraine,UKR,2022,7.671234
Ukraine,UKR,2023,8.788312
United Kingdom,GBR,1965,0.5887872
United Kingdom,GBR,1966,0.5762794
United Kingdom,GBR,1967,0.6204281
United Kingdom,GBR,1968,0.4564072
United Kingdom,GBR,1969,0.385314
United Kingdom,GBR,1970,0.52578115
United Kingdom,GBR,1971,0.39834362
United Kingdom,GBR,1972,0.39256626
United Kingdom,GBR,1973,0.4255182
United Kingdom,GBR,1974,0.47520927
United Kingdom,GBR,1975,0.47519854
United Kingdom,GBR,1976,0.55030495
United Kingdom,GBR,1977,0.47088918
United Kingdom,GBR,1978,0.4820574
United Kingdom,GBR,1979,0.48675352
United Kingdom,GBR,1980,0.49102554
United Kingdom,GBR,1981,0.5643997
United Kingdom,GBR,1982,0.58695453
United Kingdom,GBR,1983,0.58459073
United Kingdom,GBR,1984,0.58497405
United Kingdom,GBR,1985,0.48920336
United Kingdom,GBR,1986,0.57397145
United Kingdom,GBR,1987,0.5047145
United Kingdom,GBR,1988,0.58119524
United Kingdom,GBR,1989,0.56762445
United Kingdom,GBR,1990,0.68011796
United Kingdom,GBR,1991,0.6104344
United Kingdom,GBR,1992,0.7424993
United Kingdom,GBR,1993,0.6676498
United Kingdom,GBR,1994,0.82537466
United Kingdom,GBR,1995,0.7896188
United Kingdom,GBR,1996,0.6443789
United Kingdom,GBR,1997,0.825345
United Kingdom,GBR,1998,0.9880291
United Kingdom,GBR,1999,1.1079069
United Kingdom,GBR,2000,1.1347202
United Kingdom,GBR,2001,1.0847902
United Kingdom,GBR,2002,1.2882673
United Kingdom,GBR,2003,1.2366321
United Kingdom,GBR,2004,1.6069714
United Kingdom,GBR,2005,1.9288653
United Kingdom,GBR,2006,2.121895
United Kingdom,GBR,2007,2.4230275
United Kingdom,GBR,2008,2.91075
United Kingdom,GBR,2009,3.5491805
United Kingdom,GBR,2010,3.6713443
United Kingdom,GBR,2011,4.9210544
United Kingdom,GBR,2012,5.4681044
United Kingdom,GBR,2013,6.9561815
United Kingdom,GBR,2014,8.871645
United Kingdom,GBR,2015,10.9549675
United Kingdom,GBR,2016,11.083126
United Kingdom,GBR,2017,12.93447
United Kingdom,GBR,2018,14.486315
United Kingdom,GBR,2019,16.16805
United Kingdom,GBR,2020,19.939514
United Kingdom,GBR,2021,18.11021
United Kingdom,GBR,2022,19.61384
United Kingdom,GBR,2023,20.520597
United States,USA,1965,4.36887
United States,USA,1966,4.1714015
United States,USA,1967,4.542216
United States,USA,1968,4.330974
United States,USA,1969,4.598879
United States,USA,1970,4.4008036
United States,USA,1971,4.614475
United States,USA,1972,4.5260477
United States,USA,1973,4.35476
United States,USA,1974,4.9028654
United States,USA,1975,5.0069757
United States,USA,1976,4.5527077
United States,USA,1977,3.549314
United States,USA,1978,4.3275704
United States,USA,1979,4.2914057
United States,USA,1980,4.4192214
United States,USA,1981,4.336748
United States,USA,1982,5.256712
United States,USA,1983,5.684815
United States,USA,1984,5.334361
United States,USA,1985,4.7657766
United States,USA,1986,4.898491
United States,USA,1987,4.2149115
United States,USA,1988,3.6650505
United States,USA,1989,4.3017926
United States,USA,1990,4.7241364
United States,USA,1991,4.723572
United States,USA,1992,4.260531
United States,USA,1993,4.5701666
United States,USA,1994,4.2541485
United States,USA,1995,4.761651
United States,USA,1996,5.017779
United States,USA,1997,5.114446
United States,USA,1998,4.6955967
United States,USA,1999,4.583457
United States,USA,2000,4.0272355
United States,USA,2001,3.4206345
United States,USA,2002,4.0155954
United States,USA,2003,4.179569
United States,USA,2004,4.101272
United States,USA,2005,4.2188497
United States,USA,2006,4.6785374
United States,USA,2007,4.372536
United States,USA,2008,5.004221
United States,USA,2009,5.798852
United States,USA,2010,5.8401756
United States,USA,2011,6.8965087
United States,USA,2012,6.8864713
United States,USA,2013,7.1343727
United States,USA,2014,7.2629757
United States,USA,2015,7.468629
United States,USA,2016,8.28383
United States,USA,2017,9.080356
United States,USA,2018,8.962757
United States,USA,2019,9.312867
United States,USA,2020,10.519768
United States,USA,2021,10.502109
United States,USA,2022,11.292717
United States,USA,2023,11.655809
Uzbekistan,UZB,1985,3.4460564
Uzbekistan,UZB,1986,2.9860458
Uzbekistan,UZB,1987,4.200674
Uzbekistan,UZB,1988,4.415101
Uzbekistan,UZB,1989,3.2768686
Uzbekistan,UZB,1990,3.7827215
Uzbekistan,UZB,1991,3.4819372
Uzbekistan,UZB,1992,3.825006
Uzbekistan,UZB,1993,4.2988195
Uzbekistan,UZB,1994,4.2269073
Uzbekistan,UZB,1995,3.6094108
Uzbekistan,UZB,1996,3.6952722
Uzbekistan,UZB,1997,3.2977636
Uzbekistan,UZB,1998,3.2858868
Uzbekistan,UZB,1999,2.8960893
Uzbekistan,UZB,2000,2.9226165
Uzbekistan,UZB,2001,2.9651184
Uzbekistan,UZB,2002,2.954397
Uzbekistan,UZB,2003,3.7512069
Uzbekistan,UZB,2004,3.3663533
Uzbekistan,UZB,2005,3.5051875
Uzbekistan,UZB,2006,3.1717825
Uzbekistan,UZB,2007,3.276898
Uzbekistan,UZB,2008,2.3529656
Uzbekistan,UZB,2009,3.4526958
Uzbekistan,UZB,2010,4.3210754
Uzbekistan,UZB,2011,2.8693686
Uzbekistan,UZB,2012,3.2125452
Uzbekistan,UZB,2013,3.1400707
Uzbekistan,UZB,2014,2.9529066
Uzbekistan,UZB,2015,3.0095983
Uzbekistan,UZB,2016,3.5177083
Uzbekistan,UZB,2017,3.947353
Uzbekistan,UZB,2018,2.8922515
Uzbekistan,UZB,2019,3.1530242
Uzbekistan,UZB,2020,2.4348068
Uzbekistan,UZB,2021,2.3403997
Uzbekistan,UZB,2022,2.4339654
Uzbekistan,UZB,2023,3.2513921
Venezuela,VEN,1965,2.1140683
Venezuela,VEN,1966,2.1339142
Venezuela,VEN,1967,2.3735323
Venezuela,VEN,1968,3.6946754
Venezuela,VEN,1969,4.2418756
Venezuela,VEN,1970,5.406153
Venezuela,VEN,1971,6.983936
Venezuela,VEN,1972,7.378936
Venezuela,VEN,1973,6.668882
Venezuela,VEN,1974,7.9816513
Venezuela,VEN,1975,8.893406
Venezuela,VEN,1976,9.633482
Venezuela,VEN,1977,9.939145
Venezuela,VEN,1978,9.782297
Venezuela,VEN,1979,10.329237
Venezuela,VEN,1980,9.45448
Venezuela,VEN,1981,9.426736
Venezuela,VEN,1982,9.688069
Venezuela,VEN,1983,11.105164
Venezuela,VEN,1984,12.205674
Venezuela,VEN,1985,13.293667
Venezuela,VEN,1986,13.745109
Venezuela,VEN,1987,16.863823
Venezuela,VEN,1988,17.953766
Venezuela,VEN,1989,18.045055
Venezuela,VEN,1990,18.11904
Venezuela,VEN,1991,21.675652
Venezuela,VEN,1992,21.255587
Venezuela,VEN,1993,21.57694
Venezuela,VEN,1994,21.46965
Venezuela,VEN,1995,20.915274
Venezuela,VEN,1996,22.462038
Venezuela,VEN,1997,22.598196
Venezuela,VEN,1998,22.783644
Venezuela,VEN,1999,24.484877
Venezuela,VEN,2000,24.086826
Venezuela,VEN,2001,21.733475
Venezuela,VEN,2002,21.299461
Venezuela,VEN,2003,23.916454
Venezuela,VEN,2004,24.717348
Venezuela,VEN,2005,25.993856
Venezuela,VEN,2006,24.803205
Venezuela,VEN,2007,24.064661
Venezuela,VEN,2008,24.359007
Venezuela,VEN,2009,23.716719
Venezuela,VEN,2010,22.234074
Venezuela,VEN,2011,22.715034
Venezuela,VEN,2012,21.245789
Venezuela,VEN,2013,21.442986
Venezuela,VEN,2014,21.540855
Venezuela,VEN,2015,20.805126
Venezuela,VEN,2016,18.97061
Venezuela,VEN,2017,21.387169
Venezuela,VEN,2018,23.74739
Venezuela,VEN,2019,25.21792
Venezuela,VEN,2020,33.440247
Venezuela,VEN,2021,29.397217
Venezuela,VEN,2022,27.475101
Venezuela,VEN,2023,24.237406
Vietnam,VNM,1981,8.2104645
Vietnam,VNM,1982,7.957216
Vietnam,VNM,1983,5.9674644
Vietnam,VNM,1984,7.7337303
Vietnam,VNM,1985,7.0842214
Vietnam,VNM,1986,6.225277
Vietnam,VNM,1987,5.438617
Vietnam,VNM,1988,7.0410004
Vietnam,VNM,1989,15.831219
Vietnam,VNM,1990,20.584055
Vietnam,VNM,1991,23.790989
Vietnam,VNM,1992,24.912485
Vietnam,VNM,1993,24.039852
Vietnam,VNM,1994,24.972696
Vietnam,VNM,1995,24.608881
Vietnam,VNM,1996,24.35814
Vietnam,VNM,1997,20.527615
Vietnam,VNM,1998,18.064957
Vietnam,VNM,1999,21.659023
Vietnam,VNM,2000,20.092161
Vietnam,VNM,2001,22.102148
Vietnam,VNM,2002,20.06266
Vietnam,VNM,2003,19.297657
Vietnam,VNM,2004,14.763953
Vietnam,VNM,2005,12.846748
Vietnam,VNM,2006,16.60724
Vietnam,VNM,2007,17.202272
Vietnam,VNM,2008,16.009518
Vietnam,VNM,2009,17.948017
Vietnam,VNM,2010,14.7117405
Vietnam,VNM,2011,19.027449
Vietnam,VNM,2012,23.463968
Vietnam,VNM,2013,23.956772
Vietnam,VNM,2014,23.184889
Vietnam,VNM,2015,18.355711
Vietnam,VNM,2016,19.14979
Vietnam,VNM,2017,23.902075
Vietnam,VNM,2018,20.55936
Vietnam,VNM,2019,15.799334
Vietnam,VNM,2020,18.540092
Vietnam,VNM,2021,23.503656
Vietnam,VNM,2022,27.49788
Vietnam,VNM,2023,22.754812
World,OWID_WRL,1965,6.445519
World,OWID_WRL,1966,6.516204
World,OWID_WRL,1967,6.423987
World,OWID_WRL,1968,6.3901453
World,OWID_WRL,1969,6.32996
World,OWID_WRL,1970,6.2402315
World,OWID_WRL,1971,6.2751184
World,OWID_WRL,1972,6.231038
World,OWID_WRL,1973,5.98148
World,OWID_WRL,1974,6.527657
World,OWID_WRL,1975,6.5613737
World,OWID_WRL,1976,6.2220235
World,OWID_WRL,1977,6.216026
World,OWID_WRL,1978,6.4746337
World,OWID_WRL,1979,6.5883255
World,OWID_WRL,1980,6.8036585
World,OWID_WRL,1981,6.9859357
World,OWID_WRL,1982,7.1871624
World,OWID_WRL,1983,7.3960943
World,OWID_WRL,1984,7.3479614
World,OWID_WRL,1985,7.309479
World,OWID_WRL,1986,7.2850266
World,OWID_WRL,1987,7.1429477
World,OWID_WRL,1988,7.10847
World,OWID_WRL,1989,6.9876184
World,OWID_WRL,1990,7.182692
World,OWID_WRL,1991,7.301195
World,OWID_WRL,1992,7.2864876
World,OWID_WRL,1993,7.6539183
World,OWID_WRL,1994,7.6321683
World,OWID_WRL,1995,7.8718243
World,OWID_WRL,1996,7.755703
World,OWID_WRL,1997,7.847491
World,OWID_WRL,1998,7.890869
World,OWID_WRL,1999,7.8530593
World,OWID_WRL,2000,7.8158455
World,OWID_WRL,2001,7.552836
World,OWID_WRL,2002,7.5668545
World,OWID_WRL,2003,7.3342075
World,OWID_WRL,2004,7.518
World,OWID_WRL,2005,7.5638204
World,OWID_WRL,2006,7.705343
World,OWID_WRL,2007,7.7473364
World,OWID_WRL,2008,8.245706
World,OWID_WRL,2009,8.564856
World,OWID_WRL,2010,8.797048
World,OWID_WRL,2011,8.980997
World,OWID_WRL,2012,9.414955
World,OWID_WRL,2013,9.847355
World,OWID_WRL,2014,10.218171
World,OWID_WRL,2015,10.504495
World,OWID_WRL,2016,10.980251
World,OWID_WRL,2017,11.337292
World,OWID_WRL,2018,11.743186
World,OWID_WRL,2019,12.228147
World,OWID_WRL,2020,13.404395
World,OWID_WRL,2021,13.469198
World,OWID_WRL,2022,14.119935
World,OWID_WRL,2023,14.562141